{"linearResidual": 2.913301223040937, "angularResidual": 9.983359478196645, "numBadDynamicsFrames": 0, "autoAvgRMSE": 0.018682555400836347, "autoAvgMax": 0.03965810260391485, "markerErrors": [["R_Shoulder", 0.03550035154879896], ["R_elbow_lat", 0.03373412698366614], ["R_elbow_med", 0.033185986194136874], ["L_Shoulder", 0.030645952216576382], ["r.ASIS", 0.027622470096340956], ["L_elbow_lat", 0.02754107381943067], ["L.ASIS", 0.023844043348110425], ["R_wrist_radius", 0.02250338520144233], ["r_knee", 0.02197743023520161], ["L_thigh1", 0.0217741636904115], ["L_HJC", 0.021705227410231908], ["L_thigh2", 0.021221900132024473], ["L_calc", 0.020870487831051065], ["L_Sternum", 0.020507476867831703], ["L_5meta", 0.020188835762417045], ["L_thigh3", 0.019794411486209706], ["L_knee", 0.019689553018217384], ["R_HJC", 0.01967029269721061], ["L_elbow_med", 0.01883214729334379], ["R_Sternum", 0.01877108850270109], ["r_ankle", 0.01870923984465083], ["r_thigh2", 0.018661878925232172], ["L_ankle", 0.018488677693476868], ["L.PSIS", 0.01826457988089532], ["r_sh3", 0.017955935323519752], ["C7", 0.017937356339584973], ["L_toe", 0.017882098650408264], ["r_calc", 0.017303796074471255], ["r_thigh1", 0.01721511145274519], ["r_5meta", 0.01669654852327335], ["r_thigh3", 0.016541157546307902], ["r_toe", 0.016499480963530346], ["r.PSIS", 0.016215025805800205], ["r_sh4", 0.01596951696680171], ["R_wrist_ulna", 0.015917475249126786], ["L_thigh4", 0.0153800914067431], ["r_thigh4", 0.01475436652015177], ["r_thigh5", 0.014253297140339172], ["r_shank_antsup", 0.014211413168187933], ["L_sh2", 0.01341295479590153], ["r_sh2", 0.012603375967272125], ["L_sh3", 0.012594641239436329], ["L_wrist_ulna", 0.011592135472618566], ["L_shank_antsup", 0.011515858710985545], ["L_wrist_radius", 0.010758199820829113], ["L_HJC_reg", 0.0], ["R_humerus", 0.0], ["R_forearm", 0.0], ["L_forearm", 0.0], ["L_humerus", 0.0], ["R_HJC_reg", 0.0]]}