{"linearResidual": 12.52223821727195, "angularResidual": 52.591262594281154, "numBadDynamicsFrames": 0, "autoAvgRMSE": 0.015262733225402466, "autoAvgMax": 0.04548458551290983, "markerErrors": [["CLAV", 0.04067376241562298], ["LTB2", 0.031823885384113765], ["LMT5", 0.02684501204069013], ["RMT5", 0.021884949701662097], ["C7", 0.021509644709304204], ["RACR", 0.019609072713748732], ["LFAradius", 0.01674031363599403], ["LTH2", 0.016078072155315214], ["RTOE", 0.015796421043303404], ["LCAL", 0.015157734971689893], ["LACR", 0.01512242157717986], ["RUA2", 0.014937530354033151], ["LTB1", 0.014243386529868918], ["RASI", 0.013982481744939565], ["LTH3", 0.013749038470542483], ["LTH1", 0.013595931615296082], ["LTOE", 0.013540586836280418], ["RTH2", 0.013206885904688954], ["LUA2", 0.013096547540489625], ["RMEL", 0.013029594732331012], ["LTB3", 0.012412707756937393], ["RTH3", 0.012206829654473356], ["RUA1", 0.01215911238889919], ["LASI", 0.012147135632243877], ["LMEL", 0.011999334470575588], ["RCAL", 0.01115268447457123], ["RTB2", 0.010974054453714577], ["LLEL", 0.010889246332167727], ["LUA1", 0.010856187279523338], ["LPSI", 0.01074540624103265], ["RPSI", 0.010666710081596252], ["RUA3", 0.010577441019190252], ["LFAulna", 0.010386097435588732], ["RTH1", 0.009935923079706695], ["RLEL", 0.009734747712767633], ["RTB3", 0.00957528389275199], ["RTB1", 0.00955285040340917], ["RFAradius", 0.008743652090719735], ["RFAsuperior", 0.007595655033805077], ["LUA3", 0.007420846842254472], ["LFAsuperior", 0.006353353438872604], ["RFAulna", 0.005451391073512921]]}