{"linearResidual": 0.7207683193316119, "angularResidual": 7.880776437806969, "numBadDynamicsFrames": 0, "autoAvgRMSE": 0.018712475339850404, "autoAvgMax": 0.05166070635989073, "markerErrors": [["R_Shoulder", 0.04938910916722923], ["R_elbow_med", 0.04666886274744599], ["L_Shoulder", 0.04213904150040817], ["R_elbow_lat", 0.04124154753609763], ["L_elbow_med", 0.03397404601721994], ["L.PSIS", 0.027640588283552207], ["L.ASIS", 0.02378373022538804], ["r.ASIS", 0.021382145286125937], ["L_elbow_lat", 0.021094257637650177], ["L_HJC", 0.020188682703353857], ["L_knee", 0.018504313562903225], ["r.PSIS", 0.017039278107208157], ["L_sh2", 0.016839235602546136], ["L_thigh4", 0.01604794724665955], ["L_Sternum", 0.01596170886551893], ["r_knee", 0.015406118158638875], ["r_thigh1", 0.014839519911010263], ["R_Sternum", 0.0147240900735189], ["r_thigh3", 0.014511155795562261], ["C7", 0.014454388983819252], ["R_HJC", 0.014343901990785727], ["L_calc", 0.014225351327537827], ["L_thigh1", 0.0141389075642701], ["r_thigh2", 0.014060241299079276], ["L_shank_antsup", 0.013949887589069643], ["L_sh3", 0.013926810649981003], ["L_toe", 0.013494505207648002], ["L_thigh2", 0.013104862931407595], ["r_calc", 0.013073211273831549], ["R_wrist_ulna", 0.013044744743349133], ["R_wrist_radius", 0.012323111553989926], ["r_toe", 0.012314699744036504], ["r_ankle", 0.012242978491840082], ["L_thigh3", 0.012184235587494064], ["L_ankle", 0.011873965698997334], ["r_sh3", 0.011863176283958048], ["r_thigh5", 0.011150212723014327], ["r_sh4", 0.011136102878873871], ["L_5meta", 0.010211545237222609], ["r_thigh4", 0.00946174992236337], ["r_shank_antsup", 0.009331013511358432], ["r_sh2", 0.008220995877230828], ["L_wrist_radius", 0.008094341842944837], ["r_5meta", 0.007357252079483299], ["L_wrist_ulna", 0.005349690774073351], ["L_forearm", 0.0], ["R_humerus", 0.0], ["R_HJC_reg", 0.0], ["L_HJC_reg", 0.0], ["R_forearm", 0.0], ["L_humerus", 0.0]]}