{"linearResidual": 4.007618419832481, "angularResidual": 42.78494196087816, "numBadDynamicsFrames": 0, "autoAvgRMSE": 0.02035279906456176, "autoAvgMax": 0.0583312687424237, "markerErrors": [["RTOE", 0.05451511715597492], ["RMT5", 0.046865484506598845], ["LTOE", 0.035993802100316996], ["RMMAL", 0.03438746273283169], ["LMT5", 0.031388190858279645], ["RTH3", 0.030219498040756774], ["RCAL", 0.029089527359041946], ["RTH2", 0.027057164525097592], ["C7", 0.026678465791066665], ["RTB1", 0.024800996439746776], ["LTH2", 0.024010302732573714], ["LTH3", 0.02357509565348557], ["RLMAL", 0.023435083150452556], ["CLAV", 0.02282714826923019], ["LCAL", 0.019856916011051776], ["LTB1", 0.019595013931205853], ["RACR", 0.019347577853071413], ["RTH1", 0.018162121871509677], ["LACR", 0.016900106699437895], ["RTB2", 0.016833660306859125], ["LASI", 0.016764110171473643], ["LTH1", 0.01665565297309868], ["LTB2", 0.01644738863724598], ["RPSI", 0.013170861972970259], ["RASI", 0.01315259398638209], ["RTB3", 0.01296758798974526], ["LPSH", 0.012483929892721686], ["LPSI", 0.012210009657620037], ["LTB3", 0.010632905388816007], ["LUA1", 0.009653825103662122], ["RMEL", 0.009644113318099829], ["LMEL", 0.009628204138525538], ["RLEL", 0.009430632103226982], ["RFAulna", 0.008914731646947276], ["RUA1", 0.008903636711542446], ["LLEL", 0.008348359569040543], ["LUA2", 0.008180536275260192], ["LUA3", 0.008053857343508808], ["LFAulna", 0.007908195162902719], ["RFAradius", 0.00739132448786385], ["LFAradius", 0.006997164153572329], ["RFAsuperior", 0.006909287558214631], ["RUA2", 0.006625909436862641], ["RUA3", 0.0064972044162237815], ["LFAsuperior", 0.006089832975302324]]}