{"linearResidual": 35.40884646094363, "angularResidual": 10.01314061238468, "numBadDynamicsFrames": 0, "autoAvgRMSE": 0.023933211220789057, "autoAvgMax": 0.06224002326608797, "markerErrors": [["R_wrist_ulna", 0.06233858313106318], ["R_wrist_radius", 0.06012210209556283], ["L_wrist_ulna", 0.051863424390153], ["L_wrist_radius", 0.045226710581967755], ["C7", 0.043709801964456264], ["L_knee", 0.03433872788243884], ["r_knee", 0.0321075114499944], ["R_elbow_med", 0.030398105404517557], ["L.ASIS", 0.02981647042313063], ["R_elbow_lat", 0.02903009647403126], ["L_Shoulder", 0.02888522302849553], ["L_elbow_lat", 0.028521579313277607], ["r.ASIS", 0.028459506912907412], ["R_Shoulder", 0.023397109139015364], ["L_shank_antsup", 0.021836594318386877], ["L_calc", 0.021781206917891864], ["L_Sternum", 0.02093586962485073], ["R_Sternum", 0.02069911081217418], ["L_sh2", 0.020374782901017966], ["L_thigh1", 0.020274974716226024], ["L_elbow_med", 0.019115697653683063], ["r_thigh1", 0.018509115127543337], ["L_HJC", 0.01770854046929703], ["L_thigh2", 0.01750907619012995], ["r_thigh2", 0.016988295515144507], ["r.PSIS", 0.016639784823751856], ["r_calc", 0.01617639443290913], ["r_thigh4", 0.01587569877341696], ["L_ankle", 0.015837465796029224], ["r_thigh3", 0.015805757263697272], ["R_HJC", 0.014601048208108282], ["L_thigh3", 0.013872788679634967], ["L.PSIS", 0.012747834126878145], ["L_sh3", 0.01272249706167514], ["L_thigh4", 0.01192342750722905], ["r_ankle", 0.01120197941676684], ["r_thigh5", 0.011065108423405412], ["r_sh3", 0.010425505074453934], ["r_5meta", 0.009940112408504077], ["L_5meta", 0.009555794767883041], ["r_sh4", 0.008886939667901567], ["r_shank_antsup", 0.007365582875455617], ["r_toe", 0.00693138718467417], ["L_toe", 0.006820345821742182], ["r_sh2", 0.006785253423374012], ["L_forearm", 0.0], ["L_HJC_reg", 0.0], ["R_forearm", 0.0], ["L_humerus", 0.0], ["R_HJC_reg", 0.0], ["R_humerus", 0.0]]}