{"linearResidual": 5.632871458783186, "angularResidual": 27.602035059634886, "numBadDynamicsFrames": 0, "autoAvgRMSE": 0.015111391817138838, "autoAvgMax": 0.03737317779045484, "markerErrors": [["CLAV", 0.037065918973183544], ["RACR", 0.03259611293845196], ["LMT5", 0.030410003351349496], ["LACR", 0.029637370913247918], ["LTH2", 0.020121150122492257], ["RMT5", 0.019257212286251546], ["RPSI", 0.01774850753346774], ["RTH3", 0.017407979502156643], ["LTH3", 0.01702193198820907], ["LTH1", 0.01656330766909183], ["LPSI", 0.01622505059698271], ["LCAL", 0.014691739376089974], ["LTOE", 0.014317943385209945], ["LTB2", 0.014045438283459994], ["RTH1", 0.013838218702422434], ["RTOE", 0.01365758435123275], ["RTB2", 0.01254267304718575], ["LMEL", 0.011782826172251308], ["LTB1", 0.011663011061564872], ["RLEL", 0.011426977916045009], ["RTB1", 0.011127978602722896], ["C7", 0.010501561419090463], ["LTB3", 0.010055683938694972], ["RUA3", 0.010027242552453802], ["LASI", 0.009975613366599962], ["LLEL", 0.009935615714348811], ["RUA1", 0.009379110000182782], ["RUA2", 0.009254855987177976], ["RCAL", 0.00862600922395081], ["LUA3", 0.00850430770791156], ["RTB3", 0.008407478925967625], ["RASI", 0.008281184985326262], ["RMEL", 0.007879398265736992], ["LUA2", 0.007487423013078828], ["LUA1", 0.0066731034567821855], ["LFAradius", 0.005642757884202382], ["RFAsuperior", 0.005097655298092567], ["LFAsuperior", 0.005049258300383167], ["LFAulna", 0.005016921907570142], ["RFAulna", 0.004671115514392081], ["RFAradius", 0.00417018706424274]]}