{"linearResidual": 1.5290120841676433, "angularResidual": 8.819309090288055, "numBadDynamicsFrames": 0, "autoAvgRMSE": 0.01614674508642323, "autoAvgMax": 0.03334107723889752, "markerErrors": [["L_Shoulder", 0.030759615107689774], ["R_Shoulder", 0.028225841266414625], ["r.ASIS", 0.027065044247095466], ["R_elbow_med", 0.026054130472024886], ["R_elbow_lat", 0.02487931335115523], ["L_elbow_lat", 0.024011236235355993], ["L_5meta", 0.022755164267589813], ["L_Sternum", 0.022268204447198195], ["r_knee", 0.02068222638427361], ["R_Sternum", 0.020663846486319446], ["C7", 0.020647785377202587], ["L_calc", 0.01948920133683269], ["L.ASIS", 0.019125505972655683], ["L_knee", 0.01884583320606414], ["L_thigh2", 0.01833468683742503], ["L_ankle", 0.01749313929305721], ["r_ankle", 0.01747560205185023], ["r_5meta", 0.0174620030574928], ["L_HJC", 0.017177402211533778], ["R_HJC", 0.016649876760407516], ["L_thigh1", 0.016532519296984283], ["r_calc", 0.01639694147471934], ["L_elbow_med", 0.016278506356707752], ["L_toe", 0.01617916227574289], ["r_thigh2", 0.015339624444832388], ["r_toe", 0.01519093411292489], ["r_sh3", 0.015099211264690715], ["R_wrist_radius", 0.014874009206386781], ["r_sh4", 0.014259139139918556], ["L.PSIS", 0.014065716330091847], ["r_thigh1", 0.013861601378009411], ["r_thigh3", 0.013825840795017117], ["L_thigh3", 0.013764618318600175], ["L_thigh4", 0.013410469186796318], ["r.PSIS", 0.012537978837358629], ["r_shank_antsup", 0.01193874850181316], ["r_sh2", 0.011610902689316308], ["L_sh2", 0.01119998584861563], ["r_thigh5", 0.0111248179399368], ["L_sh3", 0.01049264867571172], ["L_shank_antsup", 0.010408480163419666], ["r_thigh4", 0.010093430599557144], ["R_wrist_ulna", 0.009583866080230739], ["L_wrist_ulna", 0.009110040307703746], ["L_wrist_radius", 0.008741231893764991], ["L_humerus", 0.0], ["R_HJC_reg", 0.0], ["R_forearm", 0.0], ["L_HJC_reg", 0.0], ["R_humerus", 0.0], ["L_forearm", 0.0]]}