{"linearResidual": 2.5993614684139645, "angularResidual": 8.746301520057363, "numBadDynamicsFrames": 0, "autoAvgRMSE": 0.016985671694630673, "autoAvgMax": 0.04298035635084285, "markerErrors": [["R_Shoulder", 0.03653950344249758], ["L_Shoulder", 0.035835077981168764], ["L_elbow_lat", 0.03562242266586688], ["r.ASIS", 0.02719516716262041], ["R_elbow_med", 0.02717943630604135], ["C7", 0.027152756099497126], ["L.ASIS", 0.0257744721039893], ["R_elbow_lat", 0.025550246709006484], ["L_calc", 0.02062762355233236], ["L.PSIS", 0.019956445822768322], ["r_5meta", 0.019045375416603196], ["L_5meta", 0.01809709657171897], ["r_calc", 0.017456876609228584], ["L_thigh3", 0.017408304496578684], ["L_thigh1", 0.016508825438207368], ["r.PSIS", 0.016372094088868177], ["L_thigh4", 0.016203092786036235], ["L_thigh2", 0.016062697585271735], ["L_knee", 0.015792819084231222], ["R_wrist_radius", 0.015451353372164772], ["r_ankle", 0.015255510474266876], ["L_sh2", 0.014632155654446557], ["r_sh3", 0.014620118337390384], ["r_thigh1", 0.014563823751669635], ["L_wrist_ulna", 0.014066514105345176], ["r_thigh2", 0.013587792189891354], ["r_thigh4", 0.01348665180438179], ["r_toe", 0.01333112331895815], ["R_wrist_ulna", 0.012952213151299767], ["r_sh4", 0.012704709362895398], ["L_elbow_med", 0.012644222165834494], ["R_Sternum", 0.012228366223352934], ["r_thigh3", 0.01217874308313056], ["L_shank_antsup", 0.011707173533860391], ["r_thigh5", 0.011670841715387736], ["L_sh3", 0.011381191486111396], ["r_sh2", 0.011327410934490773], ["r_shank_antsup", 0.011268111506189863], ["R_HJC", 0.01109396193471338], ["r_knee", 0.011062595494999541], ["L_toe", 0.010439199410519337], ["L_ankle", 0.0100963856941272], ["L_Sternum", 0.00971608392032102], ["L_HJC", 0.009020992657167099], ["L_wrist_radius", 0.006933023476344624], ["L_HJC_reg", 0.0], ["L_forearm", 0.0], ["L_humerus", 0.0], ["R_humerus", 0.0], ["R_forearm", 0.0], ["R_HJC_reg", 0.0]]}