{"linearResidual": 8.046382153395902, "angularResidual": 34.1170085310055, "numBadDynamicsFrames": 0, "autoAvgRMSE": 0.016096217825991136, "autoAvgMax": 0.035655941196984314, "markerErrors": [["RMT5", 0.029647332159606975], ["LMT5", 0.029309451533144223], ["LPSI", 0.026340119623937196], ["CLAV", 0.02459005365455739], ["RPSI", 0.024113819401415947], ["C7", 0.02408287788154234], ["LTOE", 0.023552046881330845], ["RACR", 0.017595666054066955], ["RTH2", 0.017128151111543304], ["RTH3", 0.016525600859335403], ["LTH1", 0.016450272736923104], ["LACR", 0.016352568806046127], ["LTH2", 0.016127348520630257], ["RCAL", 0.016102814911112966], ["RTOE", 0.015981175511688178], ["RMEL", 0.015890707419512762], ["RTH1", 0.01550829479069709], ["LUA1", 0.014811034073098094], ["LMEL", 0.014571353560959852], ["RASI", 0.01454728217898722], ["LTB1", 0.01422680961509168], ["LLEL", 0.014147384117251733], ["LCAL", 0.013441576999638554], ["RLEL", 0.013423304034764445], ["LTH3", 0.013379957143427046], ["RUA2", 0.013231129468971805], ["RTB3", 0.012756160509973838], ["LUA2", 0.012613727621129996], ["RUA1", 0.012549743515898689], ["RTB2", 0.011798792343424073], ["LTB3", 0.011772295057447663], ["LASI", 0.011591291288958961], ["LTB2", 0.011416151571669097], ["RTB1", 0.01085603938543046], ["RUA3", 0.01037472028810702], ["LFAulna", 0.010149752052715306], ["LUA3", 0.00987781790667602], ["RFAulna", 0.008627542986120404], ["LFAradius", 0.00854707427477437], ["RFAsuperior", 0.0072331524880473565], ["RFAradius", 0.007159439107899677], ["LFAsuperior", 0.006891629043998199]]}