{"linearResidual": 3.9443760046764464, "angularResidual": 52.844682112566005, "numBadDynamicsFrames": 0, "autoAvgRMSE": 0.021078759282803738, "autoAvgMax": 0.06478477109184726, "markerErrors": [["RTOE", 0.057675994754442836], ["RMT5", 0.048265647658959465], ["LTOE", 0.042113120523494994], ["LMT5", 0.03682247394852937], ["RMMAL", 0.03507933236889407], ["RTH3", 0.030223878622509574], ["RCAL", 0.029926980816362417], ["RTH2", 0.027041929749794025], ["C7", 0.02519376533576006], ["LCAL", 0.024907285657487743], ["RTB1", 0.024745175472151985], ["LTH2", 0.024234677489000083], ["RLMAL", 0.023702806341128976], ["LTH3", 0.02352351691721076], ["CLAV", 0.021778122217644358], ["RACR", 0.019613542129824548], ["LTB1", 0.019466044601321553], ["RTH1", 0.017878302633811963], ["RTB2", 0.017804439387164604], ["LTH1", 0.017218745554701046], ["LACR", 0.015728139043129367], ["LTB2", 0.015661821695991215], ["LASI", 0.01486784823762292], ["RTB3", 0.014193235613372619], ["LPSH", 0.01387900107914183], ["LPSI", 0.013052329652650178], ["RPSI", 0.011961920253330646], ["RASI", 0.011959756841597939], ["LTB3", 0.01102935406067621], ["RLEL", 0.010480164817127602], ["LUA1", 0.010192652963902446], ["LMEL", 0.008972619109177259], ["RMEL", 0.008598001264661545], ["LUA2", 0.008552255942700353], ["LLEL", 0.00831816905795388], ["LFAradius", 0.00825325195785913], ["LUA3", 0.00806905561436528], ["RUA1", 0.008000738129288747], ["RFAradius", 0.007882845483823392], ["RFAulna", 0.007436354963302625], ["LFAulna", 0.007269568422190582], ["RFAsuperior", 0.006685450833201412], ["LFAsuperior", 0.006672902667478803], ["RUA3", 0.00608155680292306], ["RUA2", 0.005972208100929273]]}