{"linearResidual": 1.3247875632647403, "angularResidual": 9.165557430585713, "numBadDynamicsFrames": 0, "autoAvgRMSE": 0.017783461631864884, "autoAvgMax": 0.0436423658553249, "markerErrors": [["R_Shoulder", 0.03701003159042086], ["L_Shoulder", 0.03692499449139575], ["L_elbow_lat", 0.033607393725980664], ["L.ASIS", 0.03298799536117847], ["R_elbow_med", 0.031691897587137016], ["C7", 0.029907420127950494], ["r.ASIS", 0.02777676562641402], ["L.PSIS", 0.024192207807250475], ["R_elbow_lat", 0.023256171989106494], ["r.PSIS", 0.02110637804378638], ["L_calc", 0.01901151582285449], ["r_sh3", 0.018548217623567845], ["L_knee", 0.018416017024526322], ["r_calc", 0.018364173421445733], ["r_5meta", 0.018257054383738806], ["L_sh2", 0.01776440811911154], ["r_ankle", 0.01612144644789161], ["L_thigh2", 0.01592478897523454], ["L_thigh1", 0.01585925502182847], ["L_5meta", 0.01551033018479492], ["r_sh4", 0.015406768716187038], ["L_thigh3", 0.014974874927163548], ["L_shank_antsup", 0.014931921050253696], ["R_wrist_ulna", 0.014702711801274356], ["R_HJC", 0.014523713744974007], ["r_shank_antsup", 0.014481663416847633], ["L_thigh4", 0.01403384940457987], ["r_toe", 0.014029154240499374], ["L_sh3", 0.013825633962314305], ["r_thigh1", 0.01359477161092725], ["R_Sternum", 0.013493602748081856], ["r_knee", 0.01311192124764511], ["L_elbow_med", 0.012919101449602914], ["L_toe", 0.01260757808662762], ["r_thigh4", 0.012572953326946237], ["r_thigh2", 0.01255728144024075], ["L_ankle", 0.01236469123194213], ["r_sh2", 0.012305057483310799], ["r_thigh3", 0.01089618153618258], ["r_thigh5", 0.010883072982052447], ["R_wrist_radius", 0.010782457512270194], ["L_Sternum", 0.010667742525900312], ["L_HJC", 0.009683808342482446], ["L_wrist_ulna", 0.009445089445417061], ["L_wrist_radius", 0.006532798196162787], ["L_forearm", 0.0], ["L_humerus", 0.0], ["L_HJC_reg", 0.0], ["R_humerus", 0.0], ["R_forearm", 0.0], ["R_HJC_reg", 0.0]]}