{"linearResidual": 2.6717516452669416, "angularResidual": 10.477008089191928, "numBadDynamicsFrames": 0, "autoAvgRMSE": 0.016688910939683846, "autoAvgMax": 0.040788676916331146, "markerErrors": [["L_Shoulder", 0.03874704578499305], ["r.ASIS", 0.0357150842075112], ["R_elbow_lat", 0.02860291085553518], ["L.ASIS", 0.027871542779260003], ["r_calc", 0.02618132283064089], ["R_elbow_med", 0.025694705771685922], ["R_Shoulder", 0.024628216075748378], ["r.PSIS", 0.023692280760122933], ["L.PSIS", 0.023006707831645035], ["L_elbow_med", 0.022927000344467572], ["L_elbow_lat", 0.021772524154135282], ["L_calc", 0.021425916267108398], ["L_knee", 0.02115697578818046], ["r_knee", 0.02020117472195313], ["r_thigh1", 0.019384701321214934], ["L_shank_antsup", 0.017303840359595986], ["L_sh3", 0.01620681187906617], ["L_5meta", 0.016126998536697627], ["L_thigh2", 0.016032707845534244], ["r_thigh2", 0.01602063826419402], ["L_sh2", 0.015649595683963135], ["C7", 0.0150346928367055], ["r_5meta", 0.014601211559062102], ["L_ankle", 0.014450987301259682], ["L_thigh1", 0.014333429989028411], ["r_thigh4", 0.014117823340511818], ["L_thigh3", 0.014034516015509887], ["R_Sternum", 0.013967896381287143], ["r_sh4", 0.012894088791040427], ["r_sh3", 0.01250986735117927], ["r_thigh5", 0.012461687282600078], ["L_Sternum", 0.01208391294735184], ["r_toe", 0.01201096718464961], ["r_shank_antsup", 0.011968602563699223], ["r_ankle", 0.011894006470981452], ["L_HJC", 0.011889811556118393], ["R_HJC", 0.011817704750750977], ["R_wrist_radius", 0.011394255820197579], ["L_thigh4", 0.011314920199096896], ["r_sh2", 0.011186364827321077], ["r_thigh3", 0.010378267142363963], ["L_wrist_ulna", 0.009916774360217647], ["L_toe", 0.00976743365248018], ["R_wrist_ulna", 0.009594676896143278], ["L_wrist_radius", 0.009454599678304743], ["R_HJC_reg", 0.0], ["L_humerus", 0.0], ["R_forearm", 0.0], ["L_forearm", 0.0], ["L_HJC_reg", 0.0], ["R_humerus", 0.0]]}