{"linearResidual": 1.0261149426488236, "angularResidual": 12.833054279909762, "numBadDynamicsFrames": 0, "autoAvgRMSE": 0.016785546754037147, "autoAvgMax": 0.044399894056322914, "markerErrors": [["L_Shoulder", 0.043775207756142596], ["r.ASIS", 0.036939671915734155], ["L_elbow_med", 0.03146060515542268], ["L.ASIS", 0.03104976680184179], ["R_elbow_med", 0.027254105203310747], ["r_calc", 0.026998364796709917], ["r.PSIS", 0.02497874525675953], ["L_elbow_lat", 0.02494137490344133], ["R_elbow_lat", 0.023549853192159215], ["L.PSIS", 0.021135309339125923], ["r_thigh1", 0.020563307268998507], ["r_knee", 0.020385533101171242], ["L_calc", 0.020374542209062384], ["L_knee", 0.018541738290646603], ["R_Shoulder", 0.01703882482039061], ["r_thigh2", 0.016288620806678172], ["r_thigh4", 0.015482166461546688], ["L_thigh2", 0.013630530267117823], ["L_thigh1", 0.01362487775881943], ["L_sh2", 0.013333262029624964], ["L_sh3", 0.01332572742846708], ["R_HJC", 0.013178502749231063], ["r_thigh5", 0.01242225316977453], ["L_shank_antsup", 0.01227508670336678], ["r_5meta", 0.012163269062145292], ["L_ankle", 0.011982346443383736], ["r_shank_antsup", 0.011892117065641866], ["r_thigh3", 0.011804142420401446], ["r_sh4", 0.011779211854724914], ["r_sh3", 0.01134663140329953], ["L_HJC", 0.011096178311107764], ["R_Sternum", 0.010857300630551353], ["L_thigh3", 0.010694279123961276], ["r_sh2", 0.010460715608272659], ["r_ankle", 0.010339821803395228], ["r_toe", 0.010191414444318534], ["L_Sternum", 0.0100273107543763], ["R_wrist_radius", 0.009815082031904768], ["L_5meta", 0.009566462077572706], ["L_thigh4", 0.009550287611518174], ["C7", 0.008732725999011592], ["L_wrist_radius", 0.008585970937603306], ["L_toe", 0.008571827043950308], ["R_wrist_ulna", 0.00842830164871867], ["L_wrist_ulna", 0.00835661174987357], ["L_forearm", 0.0], ["L_humerus", 0.0], ["L_HJC_reg", 0.0], ["R_humerus", 0.0], ["R_forearm", 0.0], ["R_HJC_reg", 0.0]]}