{"linearResidual": 1.4497001842704615, "angularResidual": 7.3297017148045605, "numBadDynamicsFrames": 0, "autoAvgRMSE": 0.013320526262912802, "autoAvgMax": 0.030368146391401202, "markerErrors": [["L_knee", 0.026788000666712188], ["C7", 0.02562113113023408], ["R_Sternum", 0.024471582659777082], ["L.ASIS", 0.024340689483027908], ["r_knee", 0.02409026641582619], ["r_calc", 0.023264428100582418], ["r.ASIS", 0.023051322555190736], ["L_Sternum", 0.022033643742307596], ["L_elbow_lat", 0.021098681428157892], ["L_sh2", 0.01770983548259671], ["L_Shoulder", 0.017439312980837566], ["L_calc", 0.017405250918576063], ["R_elbow_med", 0.01647216115128337], ["R_elbow_lat", 0.014961017823869688], ["r_ankle", 0.014687683714407877], ["R_Shoulder", 0.014607477344495726], ["L_sh3", 0.012594702852562506], ["r_thigh3", 0.012357486549340808], ["r_thigh4", 0.012287168399802309], ["r_thigh5", 0.012044047404969801], ["r_thigh1", 0.011740753971715681], ["L_ankle", 0.010976701271978962], ["L_shank_antsup", 0.010637501013983084], ["r_thigh2", 0.01036776953864347], ["L_elbow_med", 0.01006774640883427], ["L_thigh4", 0.010024212217994051], ["L.PSIS", 0.009394491933183532], ["r_toe", 0.009384634218474451], ["R_HJC", 0.009027885920492019], ["L_thigh1", 0.008046058258864987], ["L_thigh3", 0.00768626326920567], ["L_HJC", 0.00767577545981865], ["L_toe", 0.007547197743159387], ["r.PSIS", 0.007470514867217515], ["R_wrist_ulna", 0.0074336259591152205], ["R_wrist_radius", 0.007037183693222654], ["L_wrist_ulna", 0.006931409007182511], ["L_thigh2", 0.006505559793882368], ["L_5meta", 0.006470543032693439], ["r_sh4", 0.006286041183488209], ["r_5meta", 0.005409031781777311], ["r_sh3", 0.005313984118716847], ["r_shank_antsup", 0.004370938847917315], ["L_wrist_radius", 0.004003869411458566], ["r_sh2", 0.003860773830726143], ["R_forearm", 0.0], ["L_humerus", 0.0], ["L_forearm", 0.0], ["L_HJC_reg", 0.0], ["R_HJC_reg", 0.0], ["R_humerus", 0.0]]}