{"linearResidual": 1.922257789403466, "angularResidual": 9.361853397352041, "numBadDynamicsFrames": 0, "autoAvgRMSE": 0.01851591769305217, "autoAvgMax": 0.0407870713293039, "markerErrors": [["R_Shoulder", 0.03688219351665008], ["R_elbow_med", 0.03574945210010871], ["R_elbow_lat", 0.03378949301551984], ["L_Shoulder", 0.03238622394599235], ["r.ASIS", 0.02981269086661937], ["L_elbow_lat", 0.028304745417706615], ["L.ASIS", 0.02417124558573223], ["r_knee", 0.02284078282584461], ["L_knee", 0.021459002092455288], ["L_HJC", 0.02145776410140766], ["L_5meta", 0.021217382647161935], ["R_wrist_radius", 0.02092935416773502], ["L_thigh1", 0.019772487204640723], ["L_thigh2", 0.01901809363776816], ["r_thigh2", 0.01883310112124869], ["L_calc", 0.0186908329044974], ["L.PSIS", 0.018690208720195466], ["C7", 0.01844422159606089], ["L_thigh3", 0.018283518424445717], ["R_HJC", 0.018170374738361573], ["L_toe", 0.017959372645359444], ["r_ankle", 0.017605608793876425], ["L_ankle", 0.017379859539128108], ["r_5meta", 0.017178259616536132], ["L_Sternum", 0.017144245135130843], ["r_sh3", 0.01705678574864081], ["r.PSIS", 0.016823316395046885], ["r_thigh1", 0.016780212001653777], ["r_calc", 0.01676925296839821], ["r_thigh3", 0.01628748393729588], ["L_elbow_med", 0.016171009561312226], ["R_Sternum", 0.01589836323496387], ["r_toe", 0.014865826085625752], ["R_wrist_ulna", 0.014664872744258413], ["r_sh4", 0.013958174709764643], ["r_thigh4", 0.013667066049540552], ["r_shank_antsup", 0.013594537414526854], ["L_thigh4", 0.013439935608645894], ["r_thigh5", 0.012870290394981778], ["L_sh2", 0.012053767195150698], ["r_sh2", 0.011892017025656253], ["L_sh3", 0.011134799509676382], ["L_shank_antsup", 0.009540070650019786], ["L_wrist_ulna", 0.009266477758224024], ["L_wrist_radius", 0.008774001384257057], ["R_HJC_reg", 0.0], ["L_HJC_reg", 0.0], ["L_humerus", 0.0], ["L_forearm", 0.0], ["R_forearm", 0.0], ["R_humerus", 0.0]]}