{"linearResidual": 7.136886053990553, "angularResidual": 20.594622128512118, "numBadDynamicsFrames": 0, "autoAvgRMSE": 0.014915664852847397, "autoAvgMax": 0.03762143449131748, "markerErrors": [["RMT5", 0.03405313316142093], ["LACR", 0.032647643709790064], ["LMT5", 0.03094272547021855], ["RTOE", 0.02192707860878854], ["RACR", 0.019848933515544724], ["RMEL", 0.019746231620526748], ["CLAV", 0.018914995684597122], ["RTH2", 0.017763819668377652], ["LTOE", 0.017406277424526103], ["LASI", 0.01637218950581968], ["C7", 0.016321156042664573], ["RTH1", 0.015594800474333224], ["LTH2", 0.014846469726680639], ["RTH3", 0.014136720811250463], ["LCAL", 0.014015048114481076], ["LTH3", 0.01390619052017324], ["LMEL", 0.013540276528217023], ["LPSI", 0.013430671192901339], ["RPSI", 0.013351460587671775], ["LFAradius", 0.01323700408909098], ["RCAL", 0.011826405990994994], ["LTB1", 0.011715703963094437], ["LTB2", 0.011256478078679178], ["LTH1", 0.011204495021816124], ["LLEL", 0.011172973605746967], ["RFAradius", 0.009778140216005062], ["RTB1", 0.009391009741004422], ["RLEL", 0.009040440683454151], ["LTB3", 0.00871641193251148], ["RTB3", 0.00832965027584213], ["LUA1", 0.008319048179933413], ["RTB2", 0.008185911534751464], ["RUA3", 0.008095195633161762], ["LUA2", 0.008040791968983335], ["RUA1", 0.008004157756417392], ["RUA2", 0.007829406761837824], ["LUA3", 0.007681658239663273], ["RFAulna", 0.006594831854527914], ["RASI", 0.006552442103966235], ["RFAsuperior", 0.005910896108728958], ["LFAsuperior", 0.005837736247740936], ["LFAulna", 0.004976976427276376]]}