{"linearResidual": 3.567956797133737, "angularResidual": 7.619896320794173, "numBadDynamicsFrames": 0, "autoAvgRMSE": 0.017893195978104483, "autoAvgMax": 0.04399896773958294, "markerErrors": [["R_elbow_med", 0.039123609942991876], ["r.PSIS", 0.03694066305800999], ["L_Shoulder", 0.036816607120300576], ["L.PSIS", 0.03428024964540554], ["L_elbow_lat", 0.033402872306725714], ["R_Shoulder", 0.030831045513062035], ["R_elbow_lat", 0.027193981294450754], ["r.ASIS", 0.022355738753082475], ["R_Sternum", 0.02190820386260244], ["L_Sternum", 0.021144610368594316], ["L.ASIS", 0.020567928655902536], ["R_HJC", 0.019514552062170343], ["R_wrist_radius", 0.01950794070993359], ["L_5meta", 0.018433344646880435], ["r_calc", 0.018238989794729647], ["C7", 0.01755809635948746], ["r_ankle", 0.017238796402455778], ["r_toe", 0.01700610220768286], ["L_knee", 0.015552918810480206], ["L_thigh1", 0.015264200861645288], ["R_wrist_ulna", 0.015138425886928156], ["L_calc", 0.015005591898513646], ["r_knee", 0.01461669303686843], ["L_sh2", 0.014413830255278233], ["L_ankle", 0.01418800038039889], ["L_thigh4", 0.014187265627591162], ["L_toe", 0.01401543364082753], ["L_thigh3", 0.013408109615088534], ["r_5meta", 0.013311079797659924], ["r_thigh1", 0.0130705770265406], ["L_thigh2", 0.011922486857740743], ["L_sh3", 0.011889122785360603], ["r_sh3", 0.011760596670808834], ["r_thigh2", 0.01107702660730053], ["L_elbow_med", 0.010761693743279009], ["r_thigh4", 0.01061974393220848], ["r_sh4", 0.010590437579296744], ["L_HJC", 0.009355296069318392], ["L_wrist_ulna", 0.009338545378979334], ["r_thigh5", 0.009174790290671347], ["r_thigh3", 0.00890963396131472], ["L_shank_antsup", 0.008769537340889963], ["L_wrist_radius", 0.007980407168015737], ["r_sh2", 0.0075836709387297726], ["r_shank_antsup", 0.006933452847946222], ["R_forearm", 0.0], ["R_humerus", 0.0], ["L_forearm", 0.0], ["L_HJC_reg", 0.0], ["R_HJC_reg", 0.0], ["L_humerus", 0.0]]}