{"linearResidual": 4.626666404011883, "angularResidual": 30.448121069869455, "numBadDynamicsFrames": 0, "autoAvgRMSE": 0.014519924426781435, "autoAvgMax": 0.0352079761958054, "markerErrors": [["LMT5", 0.03181284303812758], ["C7", 0.029677446334498342], ["LTOE", 0.02317128069810994], ["CLAV", 0.022268464994371795], ["LASI", 0.020047034593001507], ["RMT5", 0.019956732304827644], ["LCAL", 0.019368892716687302], ["RACR", 0.018802502184139737], ["LPSI", 0.017922195168919314], ["LTH3", 0.01662268363886899], ["LTH1", 0.01593820433595185], ["LTB2", 0.015830384629626538], ["LTB1", 0.015021097045743637], ["RTH3", 0.01489489490069716], ["LTB3", 0.014716897211699036], ["RTOE", 0.014052454129952475], ["RLEL", 0.013242728678864677], ["RCAL", 0.013178427675042603], ["RTH1", 0.012928493116907], ["RASI", 0.012825249668419083], ["RPSI", 0.012210909126126008], ["LACR", 0.011931304153420972], ["RTH2", 0.011628804808615535], ["RTB2", 0.011102946250843432], ["LUA1", 0.011026467762893509], ["RTB1", 0.010704748315120857], ["LTH2", 0.01065528252042958], ["RMEL", 0.010403559981192913], ["RTB3", 0.010301733499405361], ["RUA1", 0.01015745744226804], ["RFAradius", 0.009139723744719518], ["RFAulna", 0.008325635836987247], ["LUA3", 0.00811677971993455], ["LUA2", 0.00792394492202096], ["LLEL", 0.007917005974634527], ["LFAradius", 0.007418309754715707], ["RUA3", 0.007222181738597506], ["LMEL", 0.007127107079296571], ["RUA2", 0.006928394401288307], ["LFAsuperior", 0.006623711180133343], ["RFAsuperior", 0.006188494945031461], ["LFAulna", 0.005971726026684062]]}