{"linearResidual": 1.7719767581182437, "angularResidual": 7.553587085036718, "numBadDynamicsFrames": 0, "autoAvgRMSE": 0.012905523531896976, "autoAvgMax": 0.03167769983667898, "markerErrors": [["L_elbow_lat", 0.02665142300245971], ["C7", 0.02586475180051077], ["L_Shoulder", 0.024335759472369066], ["L.PSIS", 0.02432002882490093], ["R_elbow_med", 0.02358219710956505], ["r.ASIS", 0.01990719750339934], ["r_toe", 0.019550810003119066], ["R_Shoulder", 0.01902100246744424], ["L.ASIS", 0.018987316499183872], ["r_knee", 0.018340726755435983], ["r.PSIS", 0.018061749498229744], ["L_5meta", 0.016468340211322378], ["r_calc", 0.01641954503809886], ["L_calc", 0.01638932953847999], ["L_knee", 0.013001047219263633], ["R_HJC", 0.012971277400123242], ["r_ankle", 0.012366085063109582], ["r_sh3", 0.012017623626952722], ["R_Sternum", 0.012011917930632821], ["L_elbow_med", 0.011074693411404142], ["L_Sternum", 0.011040779554625853], ["r_5meta", 0.01087100652153764], ["L_HJC", 0.010507648806182152], ["r_sh4", 0.010290061497571992], ["R_elbow_lat", 0.009945460305637562], ["R_wrist_radius", 0.00993695921681556], ["L_sh2", 0.009510026785841156], ["L_wrist_radius", 0.009468526466289977], ["r_thigh5", 0.008813064097503428], ["r_shank_antsup", 0.008318855524115414], ["L_toe", 0.00785452434144903], ["L_sh3", 0.007639433653851917], ["R_wrist_ulna", 0.007304708122341897], ["r_thigh3", 0.007221423907859159], ["L_thigh2", 0.006926647774447603], ["L_thigh1", 0.006786878380016132], ["r_thigh4", 0.006426489539970701], ["L_thigh4", 0.006282191147706523], ["L_thigh3", 0.006249784692862046], ["r_thigh2", 0.006048820317440221], ["r_sh2", 0.005899762324700047], ["L_shank_antsup", 0.005158761157499304], ["r_thigh1", 0.005021269977889556], ["L_ankle", 0.005016143501435716], ["L_wrist_ulna", 0.004889523180719588], ["R_humerus", 0.0], ["R_forearm", 0.0], ["L_HJC_reg", 0.0], ["R_HJC_reg", 0.0], ["L_humerus", 0.0], ["L_forearm", 0.0]]}