{"linearResidual": 6.917641470611096, "angularResidual": 34.34257143343138, "numBadDynamicsFrames": 0, "autoAvgRMSE": 0.01538970024594687, "autoAvgMax": 0.04046188587435441, "markerErrors": [["C7", 0.03858491421455798], ["L_knee", 0.028242421174110494], ["R_Sternum", 0.027921055415209235], ["r.ASIS", 0.027460495413790798], ["L_Sternum", 0.027017470279414743], ["r_knee", 0.025705222709203324], ["L.ASIS", 0.025489077436901066], ["L_elbow_lat", 0.023483515136854267], ["R_Shoulder", 0.01865477762919308], ["r_thigh4", 0.01754920033388468], ["L_Shoulder", 0.016765232456449657], ["r_calc", 0.01618150857935889], ["r_thigh3", 0.015962468650701875], ["r_thigh1", 0.01593887702634158], ["r_thigh5", 0.01531136834642222], ["L_thigh3", 0.015122391165806768], ["L_thigh1", 0.014409788003157226], ["R_elbow_lat", 0.014370121714582526], ["r_ankle", 0.014172256978295574], ["r_thigh2", 0.014042505767316344], ["L_sh2", 0.013982783435128517], ["L_thigh2", 0.013544027763602648], ["L_thigh4", 0.013453228224051086], ["L_ankle", 0.01319454422305469], ["r_toe", 0.01303667692892619], ["L_calc", 0.01170199989242927], ["R_HJC", 0.01151063486633869], ["R_elbow_med", 0.011240308423682973], ["L_elbow_med", 0.011035408789637437], ["r_5meta", 0.010927159502785902], ["L_sh3", 0.010831910565071923], ["L_toe", 0.010677741472349482], ["L_HJC", 0.010530668625775888], ["L_5meta", 0.010265138130414334], ["L_shank_antsup", 0.010010564359769264], ["r_sh3", 0.009830219665493162], ["r_sh4", 0.009829831047570127], ["L_wrist_radius", 0.009817735930421543], ["r_shank_antsup", 0.009141020963608613], ["L_wrist_ulna", 0.008677420011320982], ["r.PSIS", 0.008628057771852209], ["R_wrist_ulna", 0.008614585791950163], ["r_sh2", 0.008591855567656095], ["L.PSIS", 0.008415858001234035], ["R_wrist_radius", 0.008323917714441107], ["L_forearm", 0.0], ["L_humerus", 0.0], ["L_HJC_reg", 0.0], ["R_humerus", 0.0], ["R_forearm", 0.0], ["R_HJC_reg", 0.0]]}