{"linearResidual": 59.98552593956114, "angularResidual": 10.884815926880513, "numBadDynamicsFrames": 0, "autoAvgRMSE": 0.016241922712010304, "autoAvgMax": 0.049784292760709434, "markerErrors": [["C7", 0.04959092646430576], ["L_Shoulder", 0.033053720872647824], ["L_elbow_lat", 0.027981906212339334], ["L.ASIS", 0.022208346456132688], ["R_Shoulder", 0.021609867331898066], ["r.ASIS", 0.021104936025986957], ["L_sh2", 0.02060419219221757], ["L_knee", 0.020438226885999576], ["R_wrist_ulna", 0.020014817698791685], ["L_calc", 0.019280237900990007], ["L_elbow_med", 0.019060208994256568], ["R_elbow_lat", 0.01900018951989958], ["R_elbow_med", 0.018561696436010893], ["r_ankle", 0.018381660992568008], ["r_calc", 0.017779956264820183], ["L_ankle", 0.01627633733214716], ["L_thigh1", 0.01619760350717625], ["L.PSIS", 0.01597950123683589], ["R_wrist_radius", 0.015440102384535737], ["L_sh3", 0.014571872592843713], ["L_5meta", 0.01456209245805889], ["L_thigh2", 0.014018796140245432], ["L_thigh3", 0.013869758817948654], ["r.PSIS", 0.013751214997231732], ["r_knee", 0.013748879303619033], ["L_thigh4", 0.013486119735918196], ["r_sh3", 0.013012048882007682], ["r_sh4", 0.012635821656040436], ["L_toe", 0.012214895740018699], ["R_HJC", 0.011994383883010502], ["L_shank_antsup", 0.011909646170918931], ["L_wrist_ulna", 0.011041441952879297], ["r_thigh1", 0.010775663984710722], ["r_shank_antsup", 0.010665532630105279], ["L_Sternum", 0.01035784987248682], ["L_HJC", 0.010112287387955608], ["r_thigh4", 0.009998273630857021], ["r_thigh2", 0.009870145563935695], ["r_sh2", 0.009788660454864094], ["r_5meta", 0.009629810028380285], ["r_thigh3", 0.008908146194887834], ["R_Sternum", 0.008790515484541562], ["r_toe", 0.00846566069596071], ["r_thigh5", 0.008047324613260982], ["L_wrist_radius", 0.00634292197294596], ["L_HJC_reg", 0.0], ["L_forearm", 0.0], ["L_humerus", 0.0], ["R_HJC_reg", 0.0], ["R_humerus", 0.0], ["R_forearm", 0.0]]}