{"linearResidual": 197.13701482474576, "angularResidual": 78.31310620277944, "numBadDynamicsFrames": 0, "autoAvgRMSE": 0.016079090390766573, "autoAvgMax": 0.03887235955264238, "markerErrors": [["R_Shoulder", 0.03638707612775525], ["L_Shoulder", 0.02891964886180175], ["R_elbow_med", 0.02596825753152745], ["r_knee", 0.02394104429522027], ["L_elbow_med", 0.023474943111200946], ["R_Sternum", 0.023272594833241005], ["L_knee", 0.02237745677612337], ["L_elbow_lat", 0.02149769393553282], ["L_Sternum", 0.021296819539614698], ["r_thigh1", 0.02062375088396027], ["R_elbow_lat", 0.019399913386160626], ["r_thigh3", 0.01894746493401971], ["r_thigh2", 0.01888989324823184], ["r_calc", 0.017492012061495338], ["r_ankle", 0.01739430264071027], ["C7", 0.017349190911818586], ["r_thigh4", 0.01708394949498673], ["L_5meta", 0.01658645918467515], ["r_thigh5", 0.01656016073054075], ["r_toe", 0.016516335267857094], ["L_thigh1", 0.016342341028713406], ["r.ASIS", 0.01599286267980324], ["L.ASIS", 0.015763627272403824], ["L_ankle", 0.015578041454478638], ["L_toe", 0.01532240001593353], ["L_thigh3", 0.015249905738851958], ["r_sh4", 0.014487048625647782], ["r_5meta", 0.014259107736879726], ["L_thigh2", 0.014183781534761165], ["L_sh3", 0.014010556049274895], ["L_sh2", 0.013599658008606257], ["r_sh3", 0.013401405187056918], ["R_HJC", 0.01304732840155682], ["L_HJC", 0.012585480891514102], ["L_thigh4", 0.012418124030417942], ["L.PSIS", 0.012076429455747219], ["L_wrist_radius", 0.011947800376294058], ["L_calc", 0.011828124021720541], ["L_wrist_ulna", 0.011797723302297905], ["R_wrist_radius", 0.011430265499243244], ["L_shank_antsup", 0.01044161637690339], ["r_sh2", 0.010003932252422089], ["r_shank_antsup", 0.009446153327871134], ["r.PSIS", 0.009412708940471018], ["R_wrist_ulna", 0.008925585250098029], ["L_humerus", 0.0], ["R_humerus", 0.0], ["R_forearm", 0.0], ["L_forearm", 0.0], ["R_HJC_reg", 0.0], ["L_HJC_reg", 0.0]]}