{"linearResidual": 50.05553243216535, "angularResidual": 32.667363852096436, "numBadDynamicsFrames": 0, "autoAvgRMSE": 0.018125194349573298, "autoAvgMax": 0.03878411575228109, "markerErrors": [["L.ASIS", 0.030818819885493173], ["R_Sternum", 0.030126494675379933], ["r.PSIS", 0.030050445317192365], ["R_Shoulder", 0.029677052142271086], ["r.ASIS", 0.028707551645943404], ["r_calc", 0.028459950008371142], ["R_elbow_lat", 0.026971745950083326], ["L.PSIS", 0.026464814522606333], ["L_Sternum", 0.02636634661820972], ["L_Shoulder", 0.02592812798749371], ["L_knee", 0.025146378190387158], ["R_elbow_med", 0.024941652735760777], ["L_calc", 0.02441855471444918], ["r_knee", 0.023161999144028212], ["L_elbow_lat", 0.02263922666591205], ["L_thigh3", 0.02151074772305761], ["L_thigh1", 0.020051701184887964], ["C7", 0.018443114911899185], ["L_shank_antsup", 0.01716451150095396], ["L_thigh4", 0.01666740036499125], ["L_ankle", 0.016627126466223198], ["L_elbow_med", 0.01650447349364041], ["L_wrist_ulna", 0.016398140561432534], ["L_thigh2", 0.0160273645150444], ["R_wrist_ulna", 0.015856234161068787], ["r_ankle", 0.015624632054808574], ["r_toe", 0.015499442496161425], ["r_thigh4", 0.014886540754006786], ["R_wrist_radius", 0.014058886436078447], ["r_thigh1", 0.013902217061514935], ["R_HJC", 0.013626754070030975], ["L_toe", 0.012805775185860032], ["L_sh2", 0.012402132094125218], ["r_thigh3", 0.012353681572590787], ["r_thigh5", 0.011909007847568358], ["r_sh3", 0.011601046132332192], ["r_thigh2", 0.011506733491989031], ["r_5meta", 0.011131553665333962], ["L_HJC", 0.011098659361699471], ["L_sh3", 0.010819431853678115], ["r_shank_antsup", 0.010744113271980157], ["L_wrist_radius", 0.010626463012251341], ["L_5meta", 0.010498524717530393], ["r_sh2", 0.009279752957279409], ["r_sh4", 0.00862100206496873], ["L_HJC_reg", 0.0], ["L_forearm", 0.0], ["L_humerus", 0.0], ["R_humerus", 0.0], ["R_forearm", 0.0], ["R_HJC_reg", 0.0]]}