{"linearResidual": 6.138363869557667, "angularResidual": 41.939972716161854, "numBadDynamicsFrames": 0, "autoAvgRMSE": 0.015700743125490097, "autoAvgMax": 0.04316761162640639, "markerErrors": [["RTB3", 0.04089347826268505], ["C7", 0.026836553930150952], ["LTOE", 0.024516452293595385], ["RTOE", 0.02407945505221555], ["LTH2", 0.022720737903124476], ["RTH2", 0.02028136447969138], ["RPSI", 0.019936497064585498], ["LMT5", 0.019008999962632306], ["LTH3", 0.01802729059974208], ["RMT5", 0.017806961459451365], ["LPSI", 0.01750267735371078], ["RMEL", 0.01741718777825176], ["LTH1", 0.016891310718430617], ["CLAV", 0.016812625065230964], ["RTH1", 0.016374227779033503], ["LMEL", 0.01595101951721899], ["RTH3", 0.015475707764704378], ["RASI", 0.015451173113182531], ["LTB1", 0.013764030548435066], ["RCAL", 0.013004506441642907], ["RTB1", 0.012931470141489137], ["LUA1", 0.012749279869519035], ["LASI", 0.012354368237954778], ["LUA2", 0.012251540655684155], ["RUA1", 0.012020336625046965], ["LACR", 0.011658340354323693], ["RUA2", 0.011528382093310509], ["LLEL", 0.011294867694079778], ["RTB2", 0.011009290539463151], ["RLEL", 0.01090489062421081], ["RFAradius", 0.01086516634430906], ["RUA3", 0.010726500602393012], ["LUA3", 0.01059688225434133], ["LTB2", 0.01055300056591643], ["LCAL", 0.008576190180483976], ["LTB3", 0.007702981139240922], ["LFAsuperior", 0.007447023299312714], ["RFAsuperior", 0.00695920692937854], ["RACR", 0.006899102506534151], ["LFAradius", 0.006427328306029217], ["LFAulna", 0.006303601468065476], ["RFAulna", 0.005932515689310598]]}