{"linearResidual": 0.900960463914828, "angularResidual": 7.531202708123819, "numBadDynamicsFrames": 0, "autoAvgRMSE": 0.019684275189910727, "autoAvgMax": 0.050513759002793375, "markerErrors": [["R_Shoulder", 0.047973031974521956], ["R_elbow_med", 0.044773215108039985], ["L_Shoulder", 0.04141816993564749], ["R_elbow_lat", 0.03963979584538226], ["L_elbow_med", 0.029772692590326152], ["L.PSIS", 0.027659037867513076], ["R_wrist_ulna", 0.02534118182779891], ["L.ASIS", 0.024608817619401292], ["L_elbow_lat", 0.02390631911211715], ["R_wrist_radius", 0.022878480512116415], ["L_HJC", 0.020981948498363864], ["r.ASIS", 0.02078275482968058], ["L_knee", 0.01987425466724473], ["r_thigh1", 0.01882246476341192], ["L_sh2", 0.01866232232959299], ["L_thigh1", 0.018417214452079375], ["L_thigh4", 0.018212086401204336], ["L_calc", 0.018052462547308665], ["r_thigh2", 0.018000687327816976], ["r.PSIS", 0.017543297306359982], ["r_knee", 0.01713061649174223], ["R_Sternum", 0.01703251206096225], ["r_thigh3", 0.016695845841321097], ["L_thigh2", 0.016691200664218402], ["R_HJC", 0.01645167487913615], ["C7", 0.01630981623930249], ["r_shank_antsup", 0.01630317461844606], ["r_calc", 0.01545297007948188], ["r_sh3", 0.01541650357198166], ["L_thigh3", 0.015353680628731716], ["L_sh3", 0.01525743083626718], ["L_shank_antsup", 0.015251645887115008], ["L_Sternum", 0.015157514968802917], ["r_sh4", 0.014612846137947336], ["r_toe", 0.013920952691095294], ["r_ankle", 0.013862288980207289], ["r_sh2", 0.013240459309550787], ["L_ankle", 0.01246688661784481], ["r_thigh4", 0.012406258543226889], ["L_toe", 0.011868074988225261], ["r_thigh5", 0.011817444657488633], ["L_5meta", 0.011669794463730555], ["L_wrist_radius", 0.011622024400697314], ["L_wrist_ulna", 0.010469325505261116], ["r_5meta", 0.009686737137407838], ["L_forearm", 0.0], ["L_humerus", 0.0], ["R_humerus", 0.0], ["R_forearm", 0.0], ["L_HJC_reg", 0.0], ["R_HJC_reg", 0.0]]}