{"linearResidual": 2.4016747677301176, "angularResidual": 27.429461900005467, "numBadDynamicsFrames": 0, "autoAvgRMSE": 0.01183929998798768, "autoAvgMax": 0.024349064367919965, "markerErrors": [["C7", 0.022015354125254846], ["CLAV", 0.016941014807340032], ["RTH2", 0.01692526789057559], ["LTH2", 0.01681780251049664], ["RTOE", 0.01635744837557274], ["RTH3", 0.015217682948580906], ["RTH1", 0.014630046002727323], ["RMT5", 0.014621801223583279], ["RPSI", 0.014602084323732072], ["RACR", 0.01400336951391937], ["LMT5", 0.013653629800053498], ["LTH1", 0.013641818926873547], ["LMEL", 0.013601952147779551], ["LTH3", 0.01353650239882773], ["RASI", 0.013328880606860152], ["RTB1", 0.012941454019355592], ["LLEL", 0.012544529332767037], ["LASI", 0.012053574694002207], ["LTB1", 0.011511011747470212], ["LTB2", 0.011470850240439185], ["LUA1", 0.010830989905759434], ["RMEL", 0.010822530009406315], ["RLEL", 0.010622529973155086], ["LPSI", 0.010382305665078391], ["RUA1", 0.01033955529853029], ["RTB2", 0.010151595712792451], ["LTOE", 0.010140282260447542], ["RUA2", 0.009705599255179397], ["LCAL", 0.009484891276268443], ["LUA2", 0.009329873958519155], ["LTB3", 0.008819866044216338], ["LUA3", 0.007806055227352651], ["RTB3", 0.0076779682121700605], ["RUA3", 0.007444827318156402], ["LACR", 0.0073809572805343185], ["LFAradius", 0.007263662711947846], ["RCAL", 0.0069505506245109185], ["RFAradius", 0.006501287667503056], ["LFAsuperior", 0.006312046766709745], ["RFAulna", 0.0056100399368408565], ["RFAsuperior", 0.00551939975580134], ["LFAulna", 0.004870140823426358]]}