{"linearResidual": 5.272684447030505, "angularResidual": 58.009214324296366, "numBadDynamicsFrames": 0, "autoAvgRMSE": 0.017159045047087935, "autoAvgMax": 0.04101646948573343, "markerErrors": [["CLAV", 0.038786791822774065], ["LMT5", 0.03200261051373473], ["LACR", 0.031992775586426325], ["RACR", 0.02419904412825163], ["RMT5", 0.023251295698167765], ["RTH2", 0.019063057255774302], ["LCAL", 0.018665738122237607], ["RFAradius", 0.01842491053125668], ["RMEL", 0.01840685846528718], ["RASI", 0.01826205352596781], ["LASI", 0.018200373097582576], ["LTH3", 0.017628020021085152], ["LTH1", 0.01750525589265889], ["LTH2", 0.01741662025658032], ["RTH1", 0.017205124281807038], ["RTOE", 0.01632752370358921], ["LMEL", 0.016163498829060326], ["RTH3", 0.016040267957750966], ["LUA2", 0.015557453463215637], ["C7", 0.015542944325534285], ["LTOE", 0.014926456534317798], ["LTB2", 0.014879263506867827], ["LUA1", 0.014407789275513543], ["LFAradius", 0.01436165680773801], ["LPSI", 0.013829335440710617], ["RTB1", 0.013314159296183951], ["RPSI", 0.013229679557061858], ["RUA2", 0.013146110132146602], ["LTB1", 0.012774075177111745], ["RUA1", 0.012667102217654316], ["RCAL", 0.01259267767048486], ["LTB3", 0.0123948862135817], ["RTB2", 0.012233762386056], ["RLEL", 0.0121080230332318], ["RUA3", 0.011697589428545008], ["RFAsuperior", 0.011527127345362938], ["RTB3", 0.010050358815834147], ["LUA3", 0.009357924584231226], ["LFAsuperior", 0.00902763070408129], ["LLEL", 0.0088395947148846], ["RFAulna", 0.007043442178417507], ["LFAulna", 0.006641764217786994]]}