{"linearResidual": 4.375234278062987, "angularResidual": 33.060483116833275, "numBadDynamicsFrames": 0, "autoAvgRMSE": 0.02098498870850085, "autoAvgMax": 0.0488164110000374, "markerErrors": [["R_wrist_ulna", 0.03891309524215484], ["L_knee", 0.038015018660020904], ["r_knee", 0.03748989385021247], ["R_wrist_radius", 0.03561574160229831], ["L_elbow_med", 0.035181561517967655], ["L_elbow_lat", 0.03508349143249664], ["L_wrist_ulna", 0.029329764553953634], ["L_Shoulder", 0.0291610276538701], ["C7", 0.02915361365336424], ["L_calc", 0.028818851535277537], ["L.ASIS", 0.028646831612732588], ["r.ASIS", 0.026639856960833506], ["R_elbow_med", 0.026008167437942625], ["L.PSIS", 0.025650869452057738], ["L_wrist_radius", 0.024896466755708002], ["L_Sternum", 0.024063326273585404], ["r_calc", 0.023923497648359025], ["R_Sternum", 0.02324685450773066], ["r.PSIS", 0.021720526820863728], ["R_Shoulder", 0.021229739581537427], ["R_elbow_lat", 0.0201018235322154], ["L_sh2", 0.018524653359003915], ["L_shank_antsup", 0.01775148613712111], ["L_ankle", 0.01768306217107076], ["L_HJC", 0.016047837403421986], ["r_thigh3", 0.015632957495226085], ["L_thigh1", 0.015159022368554301], ["r_thigh5", 0.014703556323006491], ["r_thigh2", 0.014492549642500758], ["L_thigh2", 0.014301231791214801], ["r_ankle", 0.014287051567143605], ["L_sh3", 0.014261385905261914], ["r_sh3", 0.014179034159500285], ["L_thigh3", 0.01414820849971793], ["L_thigh4", 0.013772272174858657], ["r_thigh1", 0.012959109580584627], ["r_thigh4", 0.012643870855127914], ["r_shank_antsup", 0.012136006613261117], ["L_5meta", 0.012090382533870682], ["r_sh4", 0.01148791230381683], ["R_HJC", 0.011114600527654605], ["L_toe", 0.010195407137928571], ["r_sh2", 0.00938403505419897], ["r_toe", 0.009001834718811198], ["r_5meta", 0.008870205887170721], ["R_humerus", 0.0], ["R_forearm", 0.0], ["R_HJC_reg", 0.0], ["L_humerus", 0.0], ["L_forearm", 0.0], ["L_HJC_reg", 0.0]]}