{"linearResidual": 5.233432926113798, "angularResidual": 7.985695461193151, "numBadDynamicsFrames": 0, "autoAvgRMSE": 0.013426629220438323, "autoAvgMax": 0.02836463484167186, "markerErrors": [["R_Shoulder", 0.026803995800951264], ["r_calc", 0.02262640902042863], ["r_knee", 0.021987916503321697], ["L_wrist_ulna", 0.01959481710763156], ["r.ASIS", 0.018912477783733783], ["R_wrist_ulna", 0.018360057543223958], ["r_thigh1", 0.01784525760051534], ["L.ASIS", 0.017210084857014758], ["L_knee", 0.017136576456257106], ["r.PSIS", 0.017136547766534754], ["L.PSIS", 0.016951611007108177], ["R_elbow_lat", 0.016820730230150755], ["L_elbow_lat", 0.016291040112184355], ["R_Sternum", 0.015274946480739468], ["r_5meta", 0.015234415047451537], ["C7", 0.015114062936713392], ["r_thigh4", 0.015036978932683465], ["L_Shoulder", 0.014853842703760804], ["L_thigh2", 0.014830701970860411], ["r_thigh2", 0.014512376222579481], ["L_Sternum", 0.01412363362973279], ["r_thigh3", 0.013903115415690937], ["L_calc", 0.013730104586765756], ["L_thigh1", 0.013536873651996425], ["r_thigh5", 0.012887080552821131], ["L_ankle", 0.012639575428790972], ["L_thigh4", 0.012236482862502836], ["R_HJC", 0.01121393715813764], ["r_ankle", 0.010993212797788242], ["L_thigh3", 0.010928739579625939], ["r_toe", 0.010634977166088943], ["L_toe", 0.01055915708109603], ["r_shank_antsup", 0.010390718497325289], ["L_HJC", 0.0102170170913527], ["r_sh3", 0.010125565789550742], ["L_5meta", 0.01000609364492801], ["r_sh4", 0.009832784792873401], ["R_elbow_med", 0.008829290756610776], ["L_elbow_med", 0.008762551408438199], ["R_wrist_radius", 0.008753551520846357], ["r_sh2", 0.008183466252373236], ["L_sh2", 0.008157969575444549], ["L_wrist_radius", 0.00746407804475769], ["L_shank_antsup", 0.0067432076923279105], ["L_sh3", 0.006274844575813531], ["L_humerus", 0.0], ["R_HJC_reg", 0.0], ["L_forearm", 0.0], ["L_HJC_reg", 0.0], ["R_humerus", 0.0], ["R_forearm", 0.0]]}