{"linearResidual": 2.156697460621395, "angularResidual": 11.095542881448303, "numBadDynamicsFrames": 0, "autoAvgRMSE": 0.01496442037517206, "autoAvgMax": 0.0350359191966786, "markerErrors": [["r_knee", 0.03193121354554191], ["R_Shoulder", 0.03029125730111549], ["L_Shoulder", 0.029276989274444536], ["L_knee", 0.026859625442441647], ["L_5meta", 0.02252401331937579], ["r_calc", 0.022289443570165938], ["R_Sternum", 0.02115029971687756], ["L_elbow_lat", 0.020963476024525383], ["R_elbow_lat", 0.020852700003954346], ["L.ASIS", 0.02081429647240542], ["L_Sternum", 0.020292263811064984], ["r_5meta", 0.01855707808392559], ["L_calc", 0.018072452521821186], ["R_elbow_med", 0.017412493616585315], ["L_elbow_med", 0.01737027824356205], ["r.ASIS", 0.017366882035898805], ["C7", 0.016942618006734994], ["r_ankle", 0.016439641903831185], ["L_ankle", 0.013220435173613045], ["L.PSIS", 0.012823354436425974], ["r_thigh1", 0.012699286468017228], ["L_thigh1", 0.012537784946979047], ["r_sh3", 0.012360959337898794], ["r_thigh2", 0.012359978297964461], ["r_toe", 0.012282777367441601], ["L_HJC", 0.011525378702025926], ["L_thigh2", 0.011312800270873972], ["r_thigh3", 0.011252536798396709], ["L_toe", 0.011208813994892671], ["L_thigh3", 0.010596963085557487], ["r_thigh5", 0.010050571992412728], ["R_HJC", 0.009954832757230275], ["r_shank_antsup", 0.009568906687548864], ["r_sh4", 0.00933071749929118], ["L_sh2", 0.008932079786949671], ["r_thigh4", 0.00830251468078088], ["L_sh3", 0.008181817484293722], ["R_wrist_radius", 0.007960853932845345], ["L_thigh4", 0.007698006537402581], ["r_sh2", 0.0075319495464079966], ["L_shank_antsup", 0.007482219172665748], ["r.PSIS", 0.006543502467784059], ["R_wrist_ulna", 0.004375199252856946], ["L_wrist_radius", 0.004235506781735423], ["L_wrist_ulna", 0.004015502588141932], ["L_humerus", 0.0], ["R_humerus", 0.0], ["L_forearm", 0.0], ["L_HJC_reg", 0.0], ["R_forearm", 0.0], ["R_HJC_reg", 0.0]]}