{"linearResidual": 1.191663075262265, "angularResidual": 6.594598159126041, "numBadDynamicsFrames": 0, "autoAvgRMSE": 0.01556456372173256, "autoAvgMax": 0.03711107244731031, "markerErrors": [["r_calc", 0.03219842324060317], ["C7", 0.029544942053703283], ["L.ASIS", 0.029144706114031017], ["L_calc", 0.029085522933329517], ["r.ASIS", 0.0273075976245552], ["R_elbow_lat", 0.025072597793249503], ["L_elbow_lat", 0.021611841090356344], ["R_Shoulder", 0.020565917009454853], ["R_elbow_med", 0.019907489079666756], ["r_knee", 0.019692873777075404], ["r_ankle", 0.018449354409278026], ["L_knee", 0.017833358292635364], ["L_elbow_med", 0.017752306701527183], ["R_HJC", 0.01694168022008437], ["L_HJC", 0.016848076228635975], ["L_Shoulder", 0.01672176043097824], ["r_thigh4", 0.016652353329579282], ["r_thigh1", 0.016611470021411157], ["r_thigh2", 0.015370446397781411], ["r_5meta", 0.01519053623722205], ["r_thigh5", 0.014288841838771816], ["r_thigh3", 0.014267698781077037], ["r_toe", 0.013267921657960202], ["L_sh2", 0.013175551130986275], ["L_5meta", 0.012908075618880977], ["L_thigh1", 0.012861622795024553], ["L_ankle", 0.012498848495323168], ["L_thigh3", 0.012099725435690751], ["R_Sternum", 0.011776191535067851], ["L_Sternum", 0.011740557554925974], ["L_shank_antsup", 0.011493209686660084], ["L_thigh2", 0.010984400771331086], ["r_sh3", 0.010764367374417971], ["L_thigh4", 0.010754393120825115], ["L_toe", 0.01066381434053545], ["L.PSIS", 0.010607048643234666], ["L_sh3", 0.009927352222936945], ["R_wrist_radius", 0.009015847484837044], ["r.PSIS", 0.008837299889198283], ["R_wrist_ulna", 0.008554256685676196], ["r_shank_antsup", 0.007554360846341577], ["r_sh4", 0.007360158248954844], ["r_sh2", 0.006225951749631139], ["L_wrist_ulna", 0.0056843429901679175], ["L_wrist_radius", 0.004786371421175939], ["L_humerus", 0.0], ["L_HJC_reg", 0.0], ["R_humerus", 0.0], ["R_forearm", 0.0], ["R_HJC_reg", 0.0], ["L_forearm", 0.0]]}