{"linearResidual": 7.012514118381789, "angularResidual": 6.007917441048119, "numBadDynamicsFrames": 0, "autoAvgRMSE": 0.015304532494059282, "autoAvgMax": 0.03936148297138465, "markerErrors": [["r.ASIS", 0.03574910131239223], ["L.ASIS", 0.03041099814098724], ["r_calc", 0.030397394683327493], ["R_Sternum", 0.029719937191438343], ["L_knee", 0.025957712265756064], ["L_Sternum", 0.024183039976374443], ["L.PSIS", 0.023695300422396797], ["L_calc", 0.022935702358460174], ["R_Shoulder", 0.022573198288058545], ["r_knee", 0.022179520305987424], ["r.PSIS", 0.02212409433719796], ["R_elbow_med", 0.0207747230976632], ["R_elbow_lat", 0.01958989075861785], ["L_elbow_lat", 0.01953311123012554], ["L_Shoulder", 0.01795828163430639], ["L_elbow_med", 0.015770264796617812], ["L_shank_antsup", 0.01570376757695501], ["C7", 0.014699966101525784], ["L_ankle", 0.012437674484354268], ["L_sh2", 0.01217119137112548], ["r_ankle", 0.011706869583051246], ["L_thigh3", 0.011258461217882147], ["L_sh3", 0.009854642307946086], ["r_5meta", 0.009842181414183672], ["L_thigh2", 0.009708863475853941], ["r_thigh5", 0.009526025609355547], ["L_thigh4", 0.009399054761483285], ["r_thigh3", 0.008909350891876732], ["r_thigh4", 0.008812311873816151], ["L_HJC", 0.008699304081549857], ["r_thigh1", 0.00860679216090201], ["r_thigh2", 0.008559526304378128], ["r_shank_antsup", 0.008407653139614706], ["L_thigh1", 0.00823867394333941], ["L_toe", 0.008195354475875466], ["r_sh3", 0.007762671448044034], ["r_sh2", 0.00774160518264612], ["L_5meta", 0.007566902968683024], ["R_HJC", 0.007326300099135161], ["r_sh4", 0.007062652851176162], ["r_toe", 0.006957178546352956], ["R_wrist_radius", 0.0067585199207884136], ["R_wrist_ulna", 0.006138263444210728], ["L_wrist_ulna", 0.0050156448004262215], ["L_wrist_radius", 0.004894419366899162], ["R_humerus", 0.0], ["R_forearm", 0.0], ["R_HJC_reg", 0.0], ["L_humerus", 0.0], ["L_forearm", 0.0], ["L_HJC_reg", 0.0]]}