{"linearResidual": 65.69546068929978, "angularResidual": 42.32745944077455, "numBadDynamicsFrames": 0, "autoAvgRMSE": 0.018890091734693245, "autoAvgMax": 0.04559331897106719, "markerErrors": [["R_Shoulder", 0.04011754643235918], ["R_elbow_med", 0.03133420520430393], ["L_knee", 0.030992528389225088], ["C7", 0.027044395129103328], ["r_knee", 0.026430753714041043], ["L_Shoulder", 0.026371498800805953], ["L.ASIS", 0.026080286056170642], ["R_Sternum", 0.02597115402095011], ["L_thigh4", 0.025854257637145744], ["L_thigh2", 0.025765287420056914], ["L_calc", 0.024632957594074058], ["r_calc", 0.024536609343706908], ["L_thigh1", 0.023920800567704147], ["L_Sternum", 0.023645548548773078], ["L_thigh3", 0.02242409566146586], ["L_elbow_med", 0.02211345032855454], ["r.PSIS", 0.021797241192279257], ["r.ASIS", 0.02012449278347855], ["L_elbow_lat", 0.019948283235894423], ["r_ankle", 0.018704419562127976], ["R_elbow_lat", 0.018546113494605568], ["L.PSIS", 0.018542190675172435], ["R_wrist_ulna", 0.018441595086457273], ["L_wrist_ulna", 0.01798997626848851], ["r_thigh5", 0.017893411469466745], ["r_thigh4", 0.017701551795046032], ["L_sh2", 0.01761571176178036], ["r_thigh1", 0.016809901800636608], ["R_HJC", 0.01679738334343766], ["r_thigh3", 0.016783638124252914], ["L_HJC", 0.016226894384717715], ["L_ankle", 0.015758476144686288], ["L_sh3", 0.015442371256879434], ["r_sh3", 0.014852485071892971], ["r_toe", 0.014500215780456347], ["L_wrist_radius", 0.014143679541782786], ["R_wrist_radius", 0.013774895309702493], ["r_thigh2", 0.013578009906817836], ["L_toe", 0.012039811699963274], ["r_sh4", 0.011892888344747016], ["r_5meta", 0.011667499076505241], ["L_5meta", 0.01122510846980051], ["r_shank_antsup", 0.01065551871005245], ["L_shank_antsup", 0.008902269763739132], ["r_sh2", 0.008883228069720799], ["L_humerus", 0.0], ["L_forearm", 0.0], ["R_humerus", 0.0], ["L_HJC_reg", 0.0], ["R_forearm", 0.0], ["R_HJC_reg", 0.0]]}