{"linearResidual": 4.526583984246535, "angularResidual": 8.609619052183364, "numBadDynamicsFrames": 0, "autoAvgRMSE": 0.017105793479738115, "autoAvgMax": 0.05546120242894248, "markerErrors": [["C7", 0.05594150423381136], ["L_Shoulder", 0.029434570802714343], ["L_elbow_lat", 0.026431661734148702], ["R_elbow_med", 0.022839931008787038], ["L.ASIS", 0.022825927182909062], ["R_elbow_lat", 0.022635310205618247], ["L_knee", 0.02198904623666047], ["R_Shoulder", 0.0217988785079546], ["L_calc", 0.021262631288285008], ["r.ASIS", 0.020913110526035835], ["L_elbow_med", 0.020240874328114798], ["L_sh2", 0.02023947834994834], ["L.PSIS", 0.019627250496127843], ["L_ankle", 0.019402011109731276], ["r_ankle", 0.018889481494603094], ["r_calc", 0.018380549768551337], ["r.PSIS", 0.018216728315197155], ["L_thigh1", 0.017940854922258925], ["L_thigh2", 0.017037926363423245], ["L_thigh3", 0.016430957280498027], ["L_5meta", 0.016405695054992616], ["r_sh3", 0.016265726398831996], ["r_knee", 0.015750040612178332], ["r_shank_antsup", 0.015634597286447227], ["L_thigh4", 0.01543318406609256], ["r_sh4", 0.015370801552310579], ["L_sh3", 0.014575098439161339], ["R_HJC", 0.014304325911462242], ["R_wrist_radius", 0.014096298000613171], ["r_sh2", 0.013841925803822009], ["r_5meta", 0.013085816542452913], ["L_toe", 0.012965664123781279], ["r_thigh1", 0.01284058457639859], ["r_toe", 0.01278999804784722], ["r_thigh2", 0.012492487299175835], ["r_thigh4", 0.012468436249560358], ["r_thigh3", 0.01190474968924865], ["L_shank_antsup", 0.011852258040462763], ["L_HJC", 0.011358489304338434], ["L_Sternum", 0.011240961818522487], ["R_Sternum", 0.010848767802102671], ["r_thigh5", 0.009972679414187762], ["L_wrist_ulna", 0.00931197408085619], ["L_wrist_radius", 0.008964637936743918], ["R_wrist_ulna", 0.008016234031782216], ["L_humerus", 0.0], ["L_HJC_reg", 0.0], ["L_forearm", 0.0], ["R_humerus", 0.0], ["R_forearm", 0.0], ["R_HJC_reg", 0.0]]}