{"linearResidual": 7.122418173117821, "angularResidual": 18.21145846299307, "numBadDynamicsFrames": 0, "autoAvgRMSE": 0.014858620808404749, "autoAvgMax": 0.03199309790987918, "markerErrors": [["LMT5", 0.02985831620177565], ["C7", 0.02556112961308229], ["CLAV", 0.024609199465326338], ["RPSI", 0.024231593059168863], ["LPSI", 0.023214087430171847], ["RMT5", 0.022708703234620924], ["LTOE", 0.021910804277461043], ["RACR", 0.02082876767910439], ["LACR", 0.01891822582185312], ["RMEL", 0.018523117285854696], ["LMEL", 0.01849817831378174], ["RTOE", 0.015294552489703522], ["RUA1", 0.014056339074690926], ["RUA2", 0.01371986907066493], ["LUA1", 0.013660243279379031], ["RCAL", 0.013297100005443556], ["LTH2", 0.012752767909151433], ["RTH2", 0.012480809997636507], ["RLEL", 0.01176225433763543], ["LLEL", 0.011716326779302455], ["LASI", 0.01166032014796279], ["RTH3", 0.01138888296939528], ["LUA2", 0.011347697839801826], ["RFAradius", 0.011115107717421201], ["LTH1", 0.011003690528155358], ["LTH3", 0.010935682718470084], ["LCAL", 0.010263690176285247], ["LTB3", 0.009805566774023533], ["LTB1", 0.009787221782380331], ["RTH1", 0.009659591948617105], ["LUA3", 0.009622340408179957], ["RTB3", 0.009546865646705453], ["RUA3", 0.009393857197963453], ["LTB2", 0.008864536928715243], ["RASI", 0.008795130297494047], ["LFAradius", 0.008724384359712194], ["RTB1", 0.008658698711237547], ["RTB2", 0.008657712018166761], ["LFAulna", 0.008592461364313225], ["LFAsuperior", 0.0065367533576366505], ["RFAsuperior", 0.006227578192973646], ["RFAulna", 0.005962438537591995]]}