{"linearResidual": 2.5801613000828088, "angularResidual": 9.196728494261956, "numBadDynamicsFrames": 0, "autoAvgRMSE": 0.015294641556901533, "autoAvgMax": 0.0354676268340383, "markerErrors": [["r_knee", 0.031106171850300932], ["R_Shoulder", 0.030086634510121658], ["L_knee", 0.028213466201423128], ["L_Shoulder", 0.027880830360973982], ["r_calc", 0.024616062327478892], ["L_calc", 0.02399578099149623], ["L.ASIS", 0.023344563522328672], ["C7", 0.022285383795788174], ["L_5meta", 0.022099412521490825], ["R_elbow_lat", 0.021439269338740272], ["r_5meta", 0.01903416286853421], ["R_elbow_med", 0.018094993154181324], ["r.ASIS", 0.017497915370998166], ["L_elbow_lat", 0.016590001870112277], ["L_elbow_med", 0.016568299127632014], ["R_Sternum", 0.01645164496712272], ["L_thigh1", 0.016362024437058913], ["r_ankle", 0.015040282465115134], ["L_Sternum", 0.015017911623007647], ["r_thigh1", 0.014515840636552025], ["L_ankle", 0.014024751357784209], ["r_toe", 0.013582258251264427], ["L_HJC", 0.013256207783087722], ["r_sh3", 0.012541946647729786], ["L.PSIS", 0.012358950238227563], ["r_thigh2", 0.012300395871166415], ["L_thigh3", 0.012232835543236838], ["L_thigh2", 0.012088387197595092], ["L_toe", 0.011735363877416765], ["r_thigh3", 0.011090017204131773], ["L_sh2", 0.010517052698957011], ["R_HJC", 0.010313570533782394], ["r_thigh5", 0.009889964641134005], ["L_sh3", 0.009742505284551754], ["r_shank_antsup", 0.009610165459388847], ["R_wrist_radius", 0.009607980121458977], ["r_sh4", 0.009357677377016009], ["L_thigh4", 0.00899680599203959], ["r_thigh4", 0.008046063844107514], ["L_shank_antsup", 0.008026149697032138], ["r_sh2", 0.007963271505889873], ["R_wrist_ulna", 0.006604648946111826], ["r.PSIS", 0.006417173652038389], ["L_wrist_ulna", 0.004602873711912841], ["L_wrist_radius", 0.0034006993889995085], ["L_HJC_reg", 0.0], ["L_forearm", 0.0], ["L_humerus", 0.0], ["R_humerus", 0.0], ["R_forearm", 0.0], ["R_HJC_reg", 0.0]]}