{"linearResidual": 1.3627426296613374, "angularResidual": 8.55009809296309, "numBadDynamicsFrames": 0, "autoAvgRMSE": 0.015657155045462803, "autoAvgMax": 0.03870797787530333, "markerErrors": [["r_calc", 0.03811085571535975], ["R_elbow_med", 0.028839334379225146], ["C7", 0.026301305574439292], ["r.ASIS", 0.02443603493478724], ["L_calc", 0.024394934922984272], ["L.ASIS", 0.023995637492090063], ["R_elbow_lat", 0.02351323456091037], ["R_Shoulder", 0.022229918277924306], ["L_elbow_lat", 0.02162998100655728], ["r_ankle", 0.021278291174594545], ["r_knee", 0.020939972873841042], ["r_thigh1", 0.017628863806287833], ["r_thigh4", 0.01726692115769054], ["L_Shoulder", 0.017008808324570426], ["r_5meta", 0.016919661271353522], ["L_HJC", 0.016794037054571897], ["R_HJC", 0.016624594663573848], ["r_thigh2", 0.01648038295101549], ["R_Sternum", 0.014868263607952703], ["L_elbow_med", 0.014530011417209892], ["r_thigh3", 0.014523283908842641], ["L_knee", 0.014297056307042215], ["L_Sternum", 0.014137182630408834], ["r_thigh5", 0.014119669872978597], ["L_ankle", 0.013650601277235962], ["L_sh3", 0.013049194598645692], ["L_thigh3", 0.012744125280442768], ["L_sh2", 0.012675259743746439], ["L_thigh1", 0.0120804952007981], ["r_sh3", 0.011742172468987852], ["r_toe", 0.011740045374532123], ["L_thigh4", 0.011296140431833555], ["r.PSIS", 0.010910806267728137], ["L_thigh2", 0.010894227741449849], ["L_toe", 0.010385547788906218], ["L_5meta", 0.009771114250906272], ["r_shank_antsup", 0.009701856718231105], ["L.PSIS", 0.00942693544820425], ["L_shank_antsup", 0.008913575153417164], ["r_sh4", 0.008265591371451714], ["r_sh2", 0.007577757651971536], ["R_wrist_ulna", 0.0065101478424066574], ["R_wrist_radius", 0.005513780415760954], ["L_wrist_ulna", 0.004871672204754259], ["L_wrist_radius", 0.004402495188390496], ["R_forearm", 0.0], ["L_HJC_reg", 0.0], ["R_HJC_reg", 0.0], ["L_humerus", 0.0], ["L_forearm", 0.0], ["R_humerus", 0.0]]}