{"linearResidual": 5.164733498089775, "angularResidual": 24.639897433330102, "numBadDynamicsFrames": 0, "autoAvgRMSE": 0.012493244824910899, "autoAvgMax": 0.025356814703418714, "markerErrors": [["RPSI", 0.021784443107197637], ["LPSI", 0.020292833030028972], ["C7", 0.01868967409760679], ["RMEL", 0.01815133913849904], ["LMEL", 0.0175853873653397], ["CLAV", 0.017388527619337242], ["LTH2", 0.017208420363273032], ["RASI", 0.01698625022051686], ["RTB3", 0.016722476985370435], ["RTH2", 0.016620222408819243], ["LTH3", 0.015846154536903665], ["LTOE", 0.015111432394739421], ["RTH1", 0.014315016323523668], ["LMT5", 0.013304066722225494], ["LLEL", 0.013190717613934734], ["LTH1", 0.0131135535366584], ["LACR", 0.013040343958738316], ["LASI", 0.012805182848480572], ["RTH3", 0.012772299780745601], ["LTB1", 0.011707373022944343], ["RTOE", 0.01157720331392217], ["RLEL", 0.011130389648019224], ["RTB1", 0.01107841428947257], ["RUA1", 0.00955050120452042], ["RUA2", 0.009466861497698325], ["RFAradius", 0.009413246488505224], ["RMT5", 0.00932348798758993], ["LUA1", 0.009215495043762992], ["LUA3", 0.008914327004196209], ["LUA2", 0.008831987055725327], ["RUA3", 0.00851857451180204], ["RTB2", 0.008387728014057346], ["LTB2", 0.0082558131530242], ["LFAradius", 0.007540009971368775], ["RCAL", 0.007420733268321243], ["RACR", 0.0073181783355710135], ["RFAsuperior", 0.006031686972478751], ["RFAulna", 0.005923715548966116], ["LCAL", 0.005753966613313298], ["LFAulna", 0.0054025501794719415], ["LFAsuperior", 0.005302486334227165], ["LTB3", 0.004909396404470524]]}