{"linearResidual": 6.619777267899595, "angularResidual": 24.454295255847683, "numBadDynamicsFrames": 0, "autoAvgRMSE": 0.015612257661810515, "autoAvgMax": 0.03563420154519931, "markerErrors": [["RMT5", 0.0329304922074381], ["LMT5", 0.02649276563469385], ["C7", 0.025778813737217167], ["LPSI", 0.025665296448072212], ["CLAV", 0.02366530158917153], ["RPSI", 0.021141505744093358], ["LTOE", 0.021080156313160982], ["LLEL", 0.019038561909831966], ["RACR", 0.01838164810317981], ["LACR", 0.018367671587849348], ["RTOE", 0.016772704409147982], ["RMEL", 0.016692353176568437], ["RTH2", 0.015675162799105736], ["RLEL", 0.015521980148114073], ["LTH2", 0.01538184131882978], ["LTB1", 0.014498188153877944], ["RCAL", 0.014090176306913784], ["RTH1", 0.013657761360920328], ["LFAulna", 0.013620823227756339], ["LUA1", 0.013619519406231595], ["LTH3", 0.013581966107827467], ["LTH1", 0.013077765889160774], ["RTH3", 0.01266096043132784], ["LTB2", 0.011743081805269279], ["RUA2", 0.011593258192373808], ["RTB3", 0.01156163313659982], ["RASI", 0.011293090748163152], ["LMEL", 0.010965233885844404], ["LUA2", 0.01093123653094903], ["LCAL", 0.010878517226016446], ["LTB3", 0.010450354046149538], ["LUA3", 0.010231737367496411], ["RFAradius", 0.010197295448925796], ["LASI", 0.0101294395214689], ["RUA1", 0.00996282987309496], ["RTB1", 0.009527502085731512], ["LFAsuperior", 0.009490848278707045], ["RTB2", 0.009052487283063924], ["LFAradius", 0.008993746022421097], ["RFAulna", 0.008528611855210096], ["RUA3", 0.007298251475589818], ["RFAsuperior", 0.005749868000610206]]}