{"linearResidual": 0.054570192528458766, "angularResidual": 0.07467757035789666, "numBadDynamicsFrames": 0, "autoAvgRMSE": 0.007310642027043653, "autoAvgMax": 0.017427414981082186, "markerErrors": [["RASI", 0.016727877252582256], ["LASI", 0.01493237230675936], ["LCAL", 0.014898939121719192], ["RCAL", 0.01436676227373194], ["LASH", 0.01433961383761814], ["RASH", 0.013407114786594277], ["LPSH", 0.01294158815426729], ["RPSH", 0.01277874782114945], ["RPSI", 0.012142945967384853], ["C7", 0.011577442488982785], ["LPSI", 0.011393124283175385], ["LFAradius", 0.010925337780101081], ["RFAradius", 0.010432395183717903], ["RMEL", 0.008748994667559438], ["LMEL", 0.00854492765672525], ["RFAulna", 0.008349744469485639], ["LACR", 0.008329787079445608], ["RACR", 0.008060430569274447], ["RMFC", 0.008036565063360226], ["LFAulna", 0.007830458922312673], ["CLAV", 0.007762251611919818], ["LLMAL", 0.00751637416993744], ["LMFC", 0.0073486709563084715], ["LLEL", 0.007023827665425857], ["RLMAL", 0.0070044940307527025], ["RLEL", 0.006979279802998617], ["LMMAL", 0.0062606411264681345], ["RMMAL", 0.006188375222029193], ["LLFC", 0.005609221494003233], ["RLFC", 0.005358108797136279], ["RHJC", 0.004404248773116482], ["LMT5", 0.004141097902198503], ["RMT5", 0.003980414984451782], ["RSJC", 0.003355364125904613], ["LHJC", 0.0030471848587517877], ["RUA1", 0.0029076155388702207], ["RTH1", 0.0027722942747234114], ["RTH2", 0.0025552762906029132], ["RUA3", 0.0025048847933991426], ["RAJC", 0.002406030305814791], ["REJC", 0.002360635781979594], ["LSJC", 0.0023373940283507844], ["LTH1", 0.0023250822336493325], ["LAJC", 0.002274754644713249], ["RUA2", 0.002258473392103915], ["RKJC", 0.0021553377858606715], ["RTB3", 0.002120654765819676], ["RFAsuperior", 0.0020640126384123903], ["LUA1", 0.002053032118547366], ["LTH2", 0.0020407676182163576], ["RTH3", 0.00202877817335561], ["LTB3", 0.0019465009434376562], ["LTH3", 0.001935952612028156], ["LKJC", 0.001931426823563304], ["RTOE", 0.0019276318003182147], ["RTB1", 0.0019243424071446185], ["LEJC", 0.001919994590072718], ["LTOE", 0.0018967117211359113], ["LFAsuperior", 0.0018618141537535002], ["LUA3", 0.0018477921603916488], ["RTB2", 0.0018442618600593731], ["LTB2", 0.0017243833814313595], ["LTB1", 0.001681230470900751], ["LUA2", 0.001655912123114622]]}