{"linearResidual": 5.126406744780707, "angularResidual": 37.74637242020352, "numBadDynamicsFrames": 0, "autoAvgRMSE": 0.016800739536687606, "autoAvgMax": 0.038179563874148316, "markerErrors": [["CLAV", 0.0368888955383909], ["LACR", 0.03239978758548677], ["LMT5", 0.0286232890770225], ["RACR", 0.026697517962114475], ["RMT5", 0.0215363541666117], ["RTH2", 0.019623207746348702], ["LMEL", 0.019617100181131046], ["LTH2", 0.01948130878678271], ["LTH3", 0.019415614303142894], ["LTH1", 0.018655703161997928], ["RMEL", 0.01854690728320031], ["RTH1", 0.01809812942955481], ["RASI", 0.017637243177352623], ["LTOE", 0.01745438227172892], ["RTOE", 0.017363523354206958], ["RTH3", 0.017149351494200073], ["LCAL", 0.017108251152273986], ["RFAradius", 0.015534765778719324], ["LASI", 0.015226203662102956], ["RPSI", 0.015203109385860902], ["LTB2", 0.015130134559477442], ["C7", 0.015081026437600686], ["RTB1", 0.014386192677554581], ["RCAL", 0.014360106813698082], ["LTB1", 0.01375074253423702], ["LUA2", 0.013622161798036563], ["LPSI", 0.013606677776670495], ["LUA1", 0.013103490471465912], ["RTB2", 0.012804432029944184], ["LTB3", 0.012079077787045546], ["RUA2", 0.011253479419576417], ["RTB3", 0.010775197296947939], ["LFAradius", 0.010724588137335343], ["RUA1", 0.010599853357631014], ["RUA3", 0.009226999453308965], ["LFAsuperior", 0.008941013229488507], ["RLEL", 0.008913535287785], ["LUA3", 0.008840996626151775], ["RFAsuperior", 0.00848537105513692], ["LLEL", 0.008084064243464613], ["LFAulna", 0.00690860318422584], ["RFAulna", 0.00612966440869285]]}