{"linearResidual": 12.817045735422429, "angularResidual": 8.280187883751495, "numBadDynamicsFrames": 0, "autoAvgRMSE": 0.024464909135891603, "autoAvgMax": 0.06217425350386488, "markerErrors": [["R_wrist_ulna", 0.05999474574613193], ["L_wrist_ulna", 0.05720386870561733], ["R_wrist_radius", 0.056377848189293533], ["L_wrist_radius", 0.052332938456119305], ["C7", 0.041259617935789306], ["L.ASIS", 0.03986921696029422], ["R_elbow_med", 0.035309457035668505], ["L_knee", 0.03239168090418417], ["L_elbow_lat", 0.03202005543562461], ["r_knee", 0.03087567332779824], ["R_elbow_lat", 0.027436555812026538], ["r.ASIS", 0.026997729405194845], ["L_elbow_med", 0.0268300128992619], ["R_Shoulder", 0.026794676415136907], ["L_Shoulder", 0.02378561485836335], ["L_calc", 0.0221525160505496], ["r.PSIS", 0.02096672793130145], ["r_thigh1", 0.02078810799843799], ["L_sh2", 0.020098365648023763], ["L_Sternum", 0.01973824716539328], ["L_shank_antsup", 0.019300215994231932], ["R_Sternum", 0.01853615688357774], ["r_calc", 0.018173636513240887], ["L_thigh1", 0.0179998854388827], ["r_thigh2", 0.017890475396454504], ["L_thigh2", 0.016929260383484766], ["r_thigh4", 0.016411611939870493], ["r_thigh3", 0.01620289145766199], ["R_HJC", 0.01615359576678288], ["L_sh3", 0.014927786282446837], ["L.PSIS", 0.014367903015599986], ["L_HJC", 0.0135391298612631], ["L_ankle", 0.012370841577476673], ["L_thigh3", 0.011657616582344954], ["r_sh3", 0.01145829418429292], ["r_thigh5", 0.011354094568755852], ["L_thigh4", 0.011071681990974304], ["r_ankle", 0.010165206662957752], ["r_shank_antsup", 0.009033597622973368], ["r_5meta", 0.008696201414739774], ["r_sh4", 0.008568559836149231], ["r_toe", 0.007251595000119617], ["L_toe", 0.007226786823929464], ["r_sh2", 0.0069198804138670186], ["L_5meta", 0.006800300030215879], ["L_forearm", 0.0], ["L_humerus", 0.0], ["L_HJC_reg", 0.0], ["R_humerus", 0.0], ["R_forearm", 0.0], ["R_HJC_reg", 0.0]]}