{"linearResidual": 1.3567728139332822, "angularResidual": 5.7560052700030235, "numBadDynamicsFrames": 0, "autoAvgRMSE": 0.020775428537956504, "autoAvgMax": 0.053193567233154805, "markerErrors": [["R_Shoulder", 0.05257679273705302], ["L_Shoulder", 0.043943081177662956], ["R_elbow_lat", 0.0429360163438645], ["R_elbow_med", 0.038044447717154165], ["R_wrist_ulna", 0.03397807025008659], ["R_wrist_radius", 0.031336334187382485], ["L_elbow_med", 0.029891692815428625], ["L.PSIS", 0.029247978473063818], ["L.ASIS", 0.027692005712337642], ["L_elbow_lat", 0.027392875367850813], ["r.ASIS", 0.02238511191267426], ["L_HJC", 0.022278332571704782], ["r_thigh1", 0.021348182787267567], ["L_sh2", 0.019695833048564555], ["L_thigh1", 0.01960699573727895], ["L_knee", 0.019507707442875884], ["r_thigh2", 0.019389003849315394], ["r.PSIS", 0.018920718673615642], ["r_thigh3", 0.017936994416254137], ["L_thigh2", 0.01753538082038392], ["L_shank_antsup", 0.016573277558774514], ["R_HJC", 0.016431712612416282], ["r_knee", 0.01634122532821638], ["r_calc", 0.01620941984773241], ["L_calc", 0.016204459133861034], ["L_thigh4", 0.015959157844406723], ["L_wrist_radius", 0.01569273900923844], ["r_shank_antsup", 0.01485970196725913], ["L_Sternum", 0.014530574649594112], ["r_sh3", 0.014314876171413813], ["R_Sternum", 0.014119015778192396], ["L_sh3", 0.014069346267222454], ["L_thigh3", 0.013980073986563661], ["r_thigh4", 0.013621444672724706], ["L_wrist_ulna", 0.013600620140135904], ["C7", 0.013221711944765858], ["r_thigh5", 0.013063139005401554], ["r_toe", 0.012252293046485776], ["L_ankle", 0.011859385225346561], ["r_sh4", 0.011680654892422817], ["L_5meta", 0.01119401030283744], ["r_ankle", 0.011193289344330205], ["L_toe", 0.011059681566047554], ["r_sh2", 0.00965426607058478], ["r_5meta", 0.008665210666922048], ["L_forearm", 0.0], ["L_humerus", 0.0], ["R_humerus", 0.0], ["L_HJC_reg", 0.0], ["R_forearm", 0.0], ["R_HJC_reg", 0.0]]}