{"linearResidual": 0.7999516597221762, "angularResidual": 8.27487448652297, "numBadDynamicsFrames": 0, "autoAvgRMSE": 0.018924080354039793, "autoAvgMax": 0.04863018673031779, "markerErrors": [["R_Shoulder", 0.04653721690125546], ["L_Shoulder", 0.04287761162409756], ["R_elbow_med", 0.04255996738475544], ["R_elbow_lat", 0.038729658740166796], ["L_elbow_med", 0.030067949324850834], ["L.PSIS", 0.027496250141754934], ["L_elbow_lat", 0.023737820748691886], ["L.ASIS", 0.02346230454646237], ["R_wrist_ulna", 0.022485041050978444], ["r.ASIS", 0.022349698447496423], ["R_wrist_radius", 0.021700703585569563], ["L_knee", 0.020811629886023777], ["L_sh2", 0.020500231937539817], ["L_HJC", 0.019036550997092068], ["L_sh3", 0.01742910541473267], ["L_thigh4", 0.017371634206910954], ["L_shank_antsup", 0.016894037969498704], ["L_calc", 0.01680523213826799], ["r.PSIS", 0.015882237674713647], ["L_thigh2", 0.015546538146295866], ["L_thigh1", 0.015254287196999193], ["L_Sternum", 0.015121404039698853], ["R_Sternum", 0.014995534526325087], ["r_calc", 0.014517322467334635], ["r_thigh1", 0.014490168783372363], ["r_knee", 0.014437743675023765], ["r_thigh3", 0.013864714870349543], ["r_thigh2", 0.013792489144609631], ["L_ankle", 0.013664827479108502], ["R_HJC", 0.013658619774796902], ["L_thigh3", 0.013654429518002834], ["r_ankle", 0.013415601407299572], ["L_toe", 0.013202475999486284], ["C7", 0.01291758104267931], ["L_5meta", 0.012845534978248873], ["r_toe", 0.012398014264434475], ["r_sh3", 0.011306570886485212], ["L_wrist_radius", 0.01100059930257665], ["r_sh4", 0.010995855443836078], ["r_shank_antsup", 0.010733453216850798], ["r_thigh4", 0.010157478400135323], ["r_thigh5", 0.01012210094551249], ["r_sh2", 0.009765018733198039], ["L_wrist_ulna", 0.009274319025492176], ["r_5meta", 0.007277137351174512], ["L_humerus", 0.0], ["L_HJC_reg", 0.0], ["L_forearm", 0.0], ["R_HJC_reg", 0.0], ["R_humerus", 0.0], ["R_forearm", 0.0]]}