{"linearResidual": 5.116894588661558, "angularResidual": 8.65761747067238, "numBadDynamicsFrames": 0, "autoAvgRMSE": 0.013418480505145053, "autoAvgMax": 0.028468476338776593, "markerErrors": [["R_Shoulder", 0.026575639188380285], ["r_knee", 0.02276508776111393], ["r_calc", 0.021543952838818305], ["L_wrist_ulna", 0.021404537812605734], ["R_wrist_ulna", 0.01882981761676788], ["r.ASIS", 0.018158061118181416], ["L.ASIS", 0.017943511350713627], ["r_thigh1", 0.017767518369445387], ["L_knee", 0.017474655568241862], ["L.PSIS", 0.016774368255581096], ["r.PSIS", 0.016506105609433858], ["r_thigh4", 0.0164613614594178], ["R_elbow_lat", 0.0164391958893811], ["r_5meta", 0.015565014304022191], ["L_elbow_lat", 0.015493038902714166], ["L_Shoulder", 0.014952965540837415], ["C7", 0.014882789915053356], ["R_Sternum", 0.014848231282130735], ["L_thigh2", 0.014732661493592118], ["r_thigh2", 0.014221263420686418], ["L_Sternum", 0.013871289712877153], ["r_thigh3", 0.013727381542893798], ["L_calc", 0.013710854070617177], ["r_thigh5", 0.013428322162713599], ["L_thigh1", 0.013378741878101421], ["L_ankle", 0.012216273547394381], ["L_thigh4", 0.012184984293184613], ["L_thigh3", 0.011725149529294772], ["R_HJC", 0.01104179238771876], ["L_toe", 0.010815291908200506], ["r_shank_antsup", 0.010512806241869638], ["r_toe", 0.010358479750497127], ["r_ankle", 0.010314115739548883], ["r_sh4", 0.010286113239767504], ["L_5meta", 0.009986685546053888], ["R_elbow_med", 0.009917966227812186], ["r_sh3", 0.009652477442463276], ["L_HJC", 0.00962465517736876], ["L_elbow_med", 0.008863637642222325], ["r_sh2", 0.008628190284041224], ["R_wrist_radius", 0.008214952566167383], ["L_sh2", 0.007474384402279284], ["L_shank_antsup", 0.006471518768457479], ["L_wrist_radius", 0.006264330136237828], ["L_sh3", 0.006098276711240912], ["L_humerus", 0.0], ["R_humerus", 0.0], ["L_forearm", 0.0], ["L_HJC_reg", 0.0], ["R_forearm", 0.0], ["R_HJC_reg", 0.0]]}