{"linearResidual": 30.46865794657607, "angularResidual": 10.25867233438601, "numBadDynamicsFrames": 0, "autoAvgRMSE": 0.02349484696071786, "autoAvgMax": 0.06201598710952303, "markerErrors": [["R_wrist_ulna", 0.06231364314940069], ["R_wrist_radius", 0.05916258130242395], ["L_wrist_ulna", 0.046729703527252725], ["C7", 0.0445011705111504], ["L_wrist_radius", 0.042371480416129675], ["R_elbow_med", 0.03570856732333333], ["r_knee", 0.03259654336673996], ["L_knee", 0.03142018962013885], ["r.ASIS", 0.030525973147201284], ["L.ASIS", 0.028482622952215677], ["R_elbow_lat", 0.028278443630978225], ["L_Shoulder", 0.028255662598290286], ["L_elbow_lat", 0.02658549476839472], ["L_elbow_med", 0.02306480896722206], ["L_thigh1", 0.022539987614307717], ["R_Shoulder", 0.02168624430255519], ["L_calc", 0.021395569920488692], ["L_thigh2", 0.02028498491038375], ["L_Sternum", 0.02011707029791071], ["R_Sternum", 0.01974400873098962], ["r_thigh1", 0.01890139902463915], ["L_HJC", 0.018181237854544667], ["R_HJC", 0.017375529638065622], ["r_thigh4", 0.01680490692995667], ["r_thigh2", 0.016515969363489213], ["L_shank_antsup", 0.015607616588740441], ["L_sh2", 0.015454183082514361], ["r.PSIS", 0.015436470699597213], ["r_thigh3", 0.015372999250335318], ["L_thigh3", 0.014184237197084058], ["r_calc", 0.014107458471200384], ["L_ankle", 0.014007084750499095], ["L.PSIS", 0.013065842264035262], ["L_thigh4", 0.011918240678318794], ["L_sh3", 0.010831559078054144], ["r_thigh5", 0.01054981524894306], ["r_sh3", 0.010389369519894226], ["r_ankle", 0.010172957988000218], ["r_toe", 0.009000792076747057], ["r_sh4", 0.008828230284368448], ["r_5meta", 0.008321818054397558], ["r_shank_antsup", 0.008016475998125269], ["r_sh2", 0.007718556622786033], ["L_toe", 0.00700976878694243], ["L_5meta", 0.006917707856931552], ["L_HJC_reg", 0.0], ["L_forearm", 0.0], ["R_humerus", 0.0], ["R_forearm", 0.0], ["L_humerus", 0.0], ["R_HJC_reg", 0.0]]}