{"linearResidual": 1.5936710823590337, "angularResidual": 11.835425249091031, "numBadDynamicsFrames": 0, "autoAvgRMSE": 0.016756053809345497, "autoAvgMax": 0.04077139734722718, "markerErrors": [["r.ASIS", 0.03744168420543219], ["L_Shoulder", 0.036683597853851606], ["L.ASIS", 0.029663251696216586], ["R_elbow_lat", 0.029586520164995207], ["R_Shoulder", 0.028742674557813028], ["r.PSIS", 0.024657372806523224], ["r_calc", 0.024561255710311786], ["R_elbow_med", 0.024108639419945264], ["L_elbow_lat", 0.023761938910916523], ["L_calc", 0.022060596730198473], ["L_elbow_med", 0.021588327862967688], ["r_knee", 0.021243784397687933], ["L.PSIS", 0.020821348769051163], ["L_knee", 0.02052663692817711], ["r_thigh1", 0.020287974281244153], ["L_thigh2", 0.016398186956072366], ["r_thigh2", 0.01632464227306644], ["L_shank_antsup", 0.01596672569454658], ["C7", 0.015209609157226347], ["r_thigh4", 0.01485163885545584], ["L_5meta", 0.014593302250942136], ["L_thigh1", 0.014298014007155628], ["L_thigh3", 0.01408241647326641], ["L_sh3", 0.014057141995524712], ["L_ankle", 0.013842332701840517], ["r_sh3", 0.013422590111743992], ["r_sh4", 0.01337056819360245], ["L_sh2", 0.013198885701473664], ["r_thigh5", 0.013088124315573092], ["r_5meta", 0.013029223842524926], ["r_shank_antsup", 0.012649628605472724], ["R_Sternum", 0.012198735690600471], ["L_thigh4", 0.0118899238603871], ["R_HJC", 0.01165840424001192], ["L_Sternum", 0.011412687628897843], ["L_HJC", 0.011400892641315535], ["r_sh2", 0.011312790831778434], ["R_wrist_radius", 0.011193606130300007], ["r_thigh3", 0.010916788502942991], ["r_ankle", 0.010600306324763862], ["r_toe", 0.010597340409071782], ["R_wrist_ulna", 0.009391114094723084], ["L_wrist_ulna", 0.009029864705534948], ["L_wrist_radius", 0.00891946281125346], ["L_toe", 0.008164217519679978], ["L_humerus", 0.0], ["L_forearm", 0.0], ["R_HJC_reg", 0.0], ["R_forearm", 0.0], ["L_HJC_reg", 0.0], ["R_humerus", 0.0]]}