{"linearResidual": 187.87212193882286, "angularResidual": 75.89726383919624, "numBadDynamicsFrames": 0, "autoAvgRMSE": 0.016044177396106606, "autoAvgMax": 0.039419277692213685, "markerErrors": [["R_Shoulder", 0.035952501357933764], ["L_Shoulder", 0.033997317769139404], ["R_Sternum", 0.02585241182053819], ["L_elbow_med", 0.025111927111082188], ["L_Sternum", 0.024942709275861986], ["r_knee", 0.023909844995107957], ["R_elbow_med", 0.023484381357651973], ["L_elbow_lat", 0.02184357845169744], ["L_knee", 0.021833593010041546], ["r_thigh1", 0.019429613529503332], ["r_thigh2", 0.017997727192022243], ["R_elbow_lat", 0.017599209499026183], ["r_thigh3", 0.017554817354976417], ["C7", 0.017419348371145844], ["r_calc", 0.017214271860620477], ["L_thigh1", 0.016650162566652738], ["r_ankle", 0.016509726490840156], ["L_5meta", 0.01650103449259784], ["r.ASIS", 0.0164583035403873], ["L_thigh3", 0.015926736202824216], ["r_toe", 0.015836886739934396], ["r_thigh5", 0.014821080266197204], ["r_thigh4", 0.014674783681240427], ["L_toe", 0.014626289971238353], ["L_ankle", 0.014454425300861677], ["L_thigh2", 0.014298419567606618], ["L.ASIS", 0.014208198221463736], ["r_sh4", 0.014003339499630773], ["L_sh3", 0.013288304175448988], ["L_sh2", 0.013211569082256692], ["r_5meta", 0.013163910765291352], ["r_sh3", 0.013112028162986993], ["L_thigh4", 0.013079120492494668], ["R_HJC", 0.012897473771302794], ["L_HJC", 0.012521275577622634], ["L.PSIS", 0.0116206551757804], ["L_calc", 0.011307107827112422], ["R_wrist_radius", 0.011005889093993146], ["L_wrist_radius", 0.011004887011708524], ["L_shank_antsup", 0.010606999416441613], ["r_sh2", 0.010546786339246404], ["L_wrist_ulna", 0.010405437655053612], ["r_shank_antsup", 0.009801145863990616], ["r.PSIS", 0.00969007005392858], ["R_wrist_ulna", 0.006209354963999817], ["R_forearm", 0.0], ["R_HJC_reg", 0.0], ["L_humerus", 0.0], ["L_forearm", 0.0], ["R_humerus", 0.0], ["L_HJC_reg", 0.0]]}