{"linearResidual": 15.904695491838938, "angularResidual": 76.13588263359723, "numBadDynamicsFrames": 0, "autoAvgRMSE": 0.01551977524819842, "autoAvgMax": 0.03749276493847907, "markerErrors": [["CLAV", 0.03548439285650889], ["LMT5", 0.027251724404513237], ["RMT5", 0.023337536945882777], ["RACR", 0.021672589518286378], ["C7", 0.020987881918968918], ["RTOE", 0.020667304611377318], ["LTB2", 0.019327839991456312], ["LACR", 0.018072869537112124], ["LCAL", 0.018054373727074153], ["LTOE", 0.017853859554126713], ["LTH2", 0.01671338741908612], ["RTH2", 0.015561456493129365], ["RUA2", 0.01540224907238235], ["LTH1", 0.014612511149598445], ["RTH3", 0.014559553877132377], ["RCAL", 0.014526948318684839], ["LTB1", 0.01427064084986342], ["LTH3", 0.014102229320281214], ["LTB3", 0.013523559029413478], ["RMEL", 0.013507509944992668], ["LASI", 0.013469383070449691], ["RUA1", 0.013413322985416393], ["LUA2", 0.013350027279373787], ["LFAradius", 0.013087316324347622], ["RUA3", 0.013001327380125834], ["RASI", 0.012741015723302735], ["RTB1", 0.012493895010676334], ["RTH1", 0.011953388450286744], ["LPSI", 0.011708437361513606], ["LUA1", 0.01134255301302095], ["LLEL", 0.011285456207384303], ["LMEL", 0.011106207667849512], ["RLEL", 0.010972117850383309], ["RTB2", 0.01089469646366192], ["RPSI", 0.010856841510177356], ["RTB3", 0.010393065452741122], ["RFAsuperior", 0.01032009751991933], ["RFAradius", 0.010280012624560811], ["LFAulna", 0.010005811366605985], ["LUA3", 0.0086991823255407], ["RFAulna", 0.007489048786920394], ["LFAsuperior", 0.0074155864414901605]]}