{"linearResidual": 7.669689998944065, "angularResidual": 7.106542228029818, "numBadDynamicsFrames": 0, "autoAvgRMSE": 0.015206225823924668, "autoAvgMax": 0.03771861252515234, "markerErrors": [["C7", 0.032649643206410874], ["R_Shoulder", 0.029298570344484742], ["L_Shoulder", 0.028901441802446148], ["r.ASIS", 0.02797852049026657], ["L.ASIS", 0.024363002742965514], ["L_Sternum", 0.023806759273290835], ["L.PSIS", 0.02332072340904266], ["L_knee", 0.022917204961730196], ["r_calc", 0.02255716797391189], ["r.PSIS", 0.02095636342037186], ["R_elbow_med", 0.020948363846888363], ["r_knee", 0.020457123707786053], ["R_Sternum", 0.020423198875396373], ["L_calc", 0.019563151004627997], ["L_thigh1", 0.019404102354424774], ["L_thigh3", 0.01723066068663711], ["L_thigh2", 0.01541217311912034], ["L_HJC", 0.015255456854189275], ["L_elbow_lat", 0.014831284367132486], ["L_thigh4", 0.013949581476403915], ["R_HJC", 0.013859617818432392], ["r_thigh4", 0.013326281528570278], ["r_thigh5", 0.01299998934766136], ["r_thigh3", 0.012438529622928251], ["R_elbow_lat", 0.01239485835997628], ["L_shank_antsup", 0.012160640014835767], ["r_ankle", 0.012155866733107774], ["r_shank_antsup", 0.01165980597697303], ["L_sh2", 0.011244921532144375], ["r_thigh2", 0.011172710553101251], ["L_ankle", 0.011067345995039156], ["r_thigh1", 0.010592232392029097], ["r_sh3", 0.010503309621605394], ["L_elbow_med", 0.010032392854809424], ["R_wrist_ulna", 0.009419437052259581], ["L_toe", 0.009318735088121404], ["r_5meta", 0.008201603874734094], ["r_sh2", 0.007664579304726901], ["r_sh4", 0.007474727856375973], ["R_wrist_radius", 0.007072530263802349], ["L_5meta", 0.006947453530890621], ["r_toe", 0.006843374014208545], ["L_sh3", 0.006487459820322019], ["L_wrist_ulna", 0.005644753980989756], ["L_wrist_radius", 0.005157819194886159], ["R_humerus", 0.0], ["L_HJC_reg", 0.0], ["R_forearm", 0.0], ["L_forearm", 0.0], ["L_humerus", 0.0], ["R_HJC_reg", 0.0]]}