{"linearResidual": 1.3973107822996682, "angularResidual": 5.851030431260159, "numBadDynamicsFrames": 0, "autoAvgRMSE": 0.015813367600623515, "autoAvgMax": 0.032507196148676566, "markerErrors": [["r_calc", 0.02885569615769918], ["r.ASIS", 0.025820223097236694], ["L_calc", 0.02491868219366834], ["r_thigh1", 0.024031930717266413], ["R_elbow_lat", 0.023929002349942885], ["C7", 0.023682120479545], ["L_elbow_lat", 0.022431066660757042], ["r_thigh2", 0.02218196793989302], ["R_Shoulder", 0.021233072679382167], ["L.ASIS", 0.020883612612196473], ["R_elbow_med", 0.020698061530372475], ["L_thigh1", 0.019630922460331924], ["r_knee", 0.019232548363092204], ["r_thigh3", 0.019217744604905187], ["r_thigh4", 0.018847519739245998], ["L_knee", 0.01876977437448559], ["L_Shoulder", 0.01854214414830815], ["L_elbow_med", 0.018395389890180486], ["L_thigh3", 0.018244406703830523], ["L_thigh2", 0.016760248336342015], ["r_5meta", 0.01665733990593281], ["r_thigh5", 0.01647062385059091], ["R_HJC", 0.01644016679994146], ["L_HJC", 0.01631491260814285], ["L_shank_antsup", 0.01531711918026209], ["r_ankle", 0.015002084781559932], ["L_thigh4", 0.014601283613361195], ["R_Sternum", 0.01365862050729432], ["L_Sternum", 0.01342153053357343], ["L_sh3", 0.012964678569706387], ["r_toe", 0.012904557060165323], ["L_5meta", 0.012823815232425165], ["r_sh3", 0.012643346914970528], ["r_sh4", 0.012161564182624322], ["L_ankle", 0.011626627785861928], ["L_sh2", 0.010009056857057701], ["L.PSIS", 0.009997307213728884], ["r.PSIS", 0.009416434117092837], ["r_shank_antsup", 0.009297549103413457], ["L_toe", 0.00925504442152129], ["r_sh2", 0.008017124028435739], ["R_wrist_radius", 0.0077142075848284745], ["R_wrist_ulna", 0.006653227150910221], ["L_wrist_ulna", 0.0055992385189361825], ["L_wrist_radius", 0.005461356824450548], ["L_forearm", 0.0], ["L_humerus", 0.0], ["L_HJC_reg", 0.0], ["R_humerus", 0.0], ["R_forearm", 0.0], ["R_HJC_reg", 0.0]]}