{"linearResidual": 40.80587837509599, "angularResidual": 31.1506280421717, "numBadDynamicsFrames": 0, "autoAvgRMSE": 0.018955884455274567, "autoAvgMax": 0.061477435613987476, "markerErrors": [["R_Shoulder", 0.06092840217227346], ["L_Shoulder", 0.042741764063102095], ["r_knee", 0.03070430960802352], ["L_knee", 0.0273458086464404], ["r.ASIS", 0.025429225806078662], ["L_wrist_ulna", 0.02432536607662283], ["r.PSIS", 0.023986242177886356], ["r_calc", 0.02227463580410878], ["R_elbow_lat", 0.021744343568127412], ["R_elbow_med", 0.021418216674483768], ["r_toe", 0.020089129697039645], ["r_thigh4", 0.01986784774236919], ["L.PSIS", 0.019706964945531716], ["r_thigh5", 0.019491731772488884], ["L_elbow_med", 0.019284631018194123], ["r_thigh1", 0.01883193421173627], ["r_thigh3", 0.018486158469265487], ["L_elbow_lat", 0.018368502507787345], ["L_Sternum", 0.017976613882955936], ["L.ASIS", 0.017363630713635208], ["R_wrist_radius", 0.01685750040729479], ["L_ankle", 0.016836735303476645], ["L_calc", 0.01642267500835116], ["L_toe", 0.01632081068484541], ["L_thigh4", 0.016187182511886496], ["R_wrist_ulna", 0.015843277473170186], ["L_thigh3", 0.01565695586041881], ["L_thigh1", 0.015038437515347938], ["r_thigh2", 0.014809352579823801], ["R_HJC", 0.014252593242696893], ["r_ankle", 0.014058426350218459], ["R_Sternum", 0.013544552277351454], ["C7", 0.013537879203858731], ["L_thigh2", 0.013478471785304537], ["r_sh4", 0.01304775260282634], ["L_sh3", 0.012467352532056674], ["L_sh2", 0.012430674999067163], ["L_HJC", 0.01160397948999263], ["L_shank_antsup", 0.011300136157914904], ["L_5meta", 0.011244324005427216], ["r_sh3", 0.011084184286450787], ["L_wrist_radius", 0.01094958948353867], ["r_5meta", 0.009786406555171302], ["r_shank_antsup", 0.008516328913247244], ["r_sh2", 0.0071755683124970155], ["L_forearm", 0.0], ["R_HJC_reg", 0.0], ["L_HJC_reg", 0.0], ["L_humerus", 0.0], ["R_forearm", 0.0], ["R_humerus", 0.0]]}