{"linearResidual": 0.011826131798331276, "angularResidual": 0.0018423672018570603, "numBadDynamicsFrames": 0, "autoAvgRMSE": 0.005474695800634871, "autoAvgMax": 0.01309177424602332, "markerErrors": [["LASI", 0.01259403271019793], ["RASI", 0.012477843303743857], ["LPSI", 0.011252437809684542], ["RPSI", 0.011222176578875583], ["LASH", 0.0103403405303469], ["C7", 0.010121179539473082], ["LPSH", 0.009369429115747471], ["RASH", 0.009347227401266723], ["RPSH", 0.009206265118763744], ["RFAulna", 0.008753153652946127], ["LFAulna", 0.008751161015091227], ["LFAradius", 0.00871784772884438], ["RFAradius", 0.00869958127856111], ["RMFC", 0.007306880171981661], ["LMFC", 0.007076087351666686], ["RCAL", 0.006646699360529446], ["CLAV", 0.006601088983679256], ["LCAL", 0.006038014516494672], ["RLMAL", 0.005441582205784113], ["LLMAL", 0.0051793012784640165], ["LACR", 0.005003504694184141], ["RLFC", 0.004916058047110322], ["RACR", 0.004706032875767085], ["LMT5", 0.004660319742338665], ["RMT5", 0.004278708000269363], ["RMMAL", 0.004020091469743972], ["LLFC", 0.00394864459683608], ["LMMAL", 0.003650200788423263], ["LMEL", 0.0035515442498142108], ["RMEL", 0.0034218149187946858], ["LLEL", 0.002726517719067843], ["RLEL", 0.0026914609268705934], ["RTOE", 0.0026587949944086764], ["LTOE", 0.002467739234569441], ["RSJC", 0.0020228477518297316], ["RHJC", 0.001956604472134366], ["LTB3", 0.0018989842885458106], ["RUA1", 0.0018590835277058062], ["LAJC", 0.0018527273675648975], ["RAJC", 0.00183998265686757], ["LSJC", 0.0018138779890609945], ["RTH1", 0.0018054406141918], ["RUA3", 0.0017872856381535543], ["LTH3", 0.0017846825891856555], ["LHJC", 0.0017776685160176278], ["LTH1", 0.0017413929552814638], ["RKJC", 0.0017413760369058083], ["RUA2", 0.0017101817716583772], ["LUA1", 0.0017081948165272793], ["LTB1", 0.0017001463334019803], ["LTB2", 0.001698585770309966], ["LUA3", 0.0016692410964335956], ["LUA2", 0.0016255437674874342], ["RTH3", 0.0016206528333523112], ["RTB2", 0.0016055584659494654], ["REJC", 0.0015864586599307312], ["RTB3", 0.0015834880930718194], ["RTB1", 0.0015697028694664206], ["LFAsuperior", 0.0015528053963043153], ["LKJC", 0.0015360497068210351], ["RTH2", 0.0015195499655492049], ["LEJC", 0.0015104916890752806], ["LTH2", 0.0014839662403121575], ["RFAsuperior", 0.0013612863610384593]]}