{"linearResidual": 3.1140956525956573, "angularResidual": 35.20863621690861, "numBadDynamicsFrames": 0, "autoAvgRMSE": 0.02182807228942439, "autoAvgMax": 0.05320398435375671, "markerErrors": [["L_knee", 0.03951728417294726], ["L_Shoulder", 0.03874520970396857], ["R_wrist_ulna", 0.03855843051566138], ["R_wrist_radius", 0.036769543725216534], ["r_knee", 0.03587571043724866], ["L_elbow_med", 0.03371037069654882], ["L_elbow_lat", 0.03273719683965402], ["R_elbow_med", 0.030610736084563134], ["r.ASIS", 0.030245123888219674], ["L_wrist_ulna", 0.030174694710310986], ["R_Shoulder", 0.02797858755119325], ["L_calc", 0.02732792491840807], ["L_wrist_radius", 0.0272631656890693], ["R_elbow_lat", 0.027234961689148476], ["r_calc", 0.02715974235576783], ["L.ASIS", 0.02689308515783907], ["L_Sternum", 0.02575540621754346], ["R_Sternum", 0.025254343648349713], ["C7", 0.02492589035335284], ["L.PSIS", 0.02444510857512901], ["r.PSIS", 0.023500891877889066], ["r_thigh5", 0.017988149961135708], ["r_thigh3", 0.017721225334440538], ["L_ankle", 0.017626194019919463], ["L_sh2", 0.016779667666037983], ["r_ankle", 0.01654925314337615], ["L_shank_antsup", 0.016514385560235833], ["r_thigh2", 0.015878107019317265], ["r_thigh4", 0.015808337081198123], ["L_sh3", 0.01547010820755977], ["L_thigh2", 0.015311659572225874], ["L_thigh4", 0.015194684947489004], ["r_thigh1", 0.015082449359092562], ["L_thigh1", 0.01448466147269185], ["L_HJC", 0.014272106041824021], ["L_thigh3", 0.014165477934644049], ["R_HJC", 0.013187875955455189], ["r_sh3", 0.011909726846632475], ["L_toe", 0.011210267953336517], ["L_5meta", 0.01111503137796587], ["r_5meta", 0.01060856496172389], ["r_toe", 0.010594516984366956], ["r_sh4", 0.010531928443361233], ["r_shank_antsup", 0.008950332568496562], ["r_sh2", 0.0074180886016006805], ["R_humerus", 0.0], ["R_forearm", 0.0], ["R_HJC_reg", 0.0], ["L_humerus", 0.0], ["L_forearm", 0.0], ["L_HJC_reg", 0.0]]}