{"linearResidual": 3.1150895941921064, "angularResidual": 28.3862419836209, "numBadDynamicsFrames": 0, "autoAvgRMSE": 0.011882159973448018, "autoAvgMax": 0.036580640713358675, "markerErrors": [["CLAV", 0.03663165029222044], ["LMT5", 0.02221604477595554], ["C7", 0.018243517032438643], ["RACR", 0.01780703629937323], ["RMT5", 0.016533141209371358], ["LACR", 0.013764904387713281], ["RMEL", 0.01373487680235698], ["RASI", 0.013352402334465737], ["LASI", 0.012702149450775801], ["LTH2", 0.012189757526014519], ["LMEL", 0.011756714346219343], ["LPSI", 0.011314403240142651], ["LTH1", 0.011282419131744489], ["RTH2", 0.01084716756321188], ["RTH3", 0.010750542942722006], ["LTH3", 0.010706338982037909], ["RPSI", 0.010676369766377673], ["RLEL", 0.010527371646655874], ["LCAL", 0.010422770685457416], ["LLEL", 0.00995431877254801], ["LTB1", 0.009619998196009808], ["RUA2", 0.00915209737760465], ["RTH1", 0.009134544491809083], ["LFAradius", 0.008708318884498762], ["LTOE", 0.008672167803009622], ["LUA2", 0.008638450920494187], ["RTB1", 0.007990971388506135], ["RTOE", 0.007960707582972702], ["LTB2", 0.007905790927016418], ["RUA1", 0.007877566567326825], ["LTB3", 0.00706367953210928], ["RCAL", 0.007061118017655402], ["LUA1", 0.0067178477810605946], ["RUA3", 0.006717620138933153], ["LFAulna", 0.006338034459122702], ["RTB2", 0.0062160391889880835], ["RTB3", 0.006184483612171499], ["RFAradius", 0.006071745829932341], ["RFAulna", 0.004574293840269375], ["RFAsuperior", 0.00437099603581555], ["LUA3", 0.00420024532855984], ["LFAsuperior", 0.0038171490835246227]]}