{"linearResidual": 3.7654139698890754, "angularResidual": 48.00582355038313, "numBadDynamicsFrames": 0, "autoAvgRMSE": 0.01583489913722546, "autoAvgMax": 0.03673424724967609, "markerErrors": [["CLAV", 0.03563885135149305], ["RACR", 0.034183998524108444], ["LACR", 0.029667697723205724], ["LMT5", 0.027447863036201853], ["LTH2", 0.022561378340131066], ["RMT5", 0.021837306804825096], ["LTH1", 0.0201986893767292], ["RTH3", 0.018386576272945394], ["LTH3", 0.0181870866377484], ["LTOE", 0.017402028394248745], ["RTH1", 0.016887101479677723], ["LPSI", 0.01628371062792888], ["RPSI", 0.01622282546364512], ["LTB2", 0.015914687973431315], ["RTB2", 0.015345741235178853], ["LTB1", 0.014843466819807], ["RTB1", 0.014204352187116123], ["LCAL", 0.01416381647140863], ["RTOE", 0.01356276694071067], ["LMEL", 0.01290268851874799], ["RLEL", 0.012158653604040393], ["RASI", 0.011410631429558775], ["LTB3", 0.011030486987571142], ["RCAL", 0.010962783139775476], ["RUA3", 0.010649734680281873], ["RUA2", 0.010335548259880993], ["RTB3", 0.010257686132365272], ["RUA1", 0.009916556308088452], ["LLEL", 0.009605985125383472], ["LUA3", 0.009598553122719523], ["RMEL", 0.008554101542458373], ["LUA1", 0.008393559072376286], ["LASI", 0.00833311129680263], ["LUA2", 0.008278952486056102], ["C7", 0.007887294552838871], ["RFAsuperior", 0.006520074873557117], ["LFAsuperior", 0.005571905642832923], ["LFAradius", 0.005162321304751875], ["LFAulna", 0.005097853110988802], ["RFAradius", 0.005056650061882472], ["RFAulna", 0.0048211364106890385]]}