{"linearResidual": 2.540612016761371e-10, "angularResidual": 85.4134221814813, "numBadDynamicsFrames": 0, "autoAvgRMSE": 0.019841167471298816, "autoAvgMax": 0.04453148506091217, "markerErrors": [["R_Shoulder", 0.034401717988279866], ["L_Shoulder", 0.03161778133501198], ["L.PSIS", 0.030468869222480436], ["L_elbow_med", 0.029779836541785332], ["L_elbow_lat", 0.029711138828040287], ["L_sh2", 0.027090401561161447], ["L_knee", 0.026272639054017593], ["r.PSIS", 0.026020844370260067], ["L_5meta", 0.025901119116972075], ["L_toe", 0.025680228471287085], ["L_ankle", 0.02412480969046377], ["L.ASIS", 0.023497187192388903], ["L_sh3", 0.023316726404412468], ["L_thigh1", 0.023277224986141137], ["C7", 0.02266352617994358], ["R_elbow_med", 0.022288011378237684], ["r_sh4", 0.02224955707970513], ["L_thigh2", 0.022050765442744494], ["r_knee", 0.021969600803691498], ["r_toe", 0.02176825652065045], ["r_sh3", 0.021668742592110192], ["L_calc", 0.02099737408227813], ["L_thigh4", 0.020926618141141707], ["L_thigh3", 0.020920820420302622], ["r_ankle", 0.020679093066411115], ["L_wrist_ulna", 0.019819554979636618], ["r_calc", 0.019255599759928], ["r.ASIS", 0.019074437956677005], ["L_shank_antsup", 0.018893087123492677], ["r_thigh5", 0.0183199629294564], ["r_thigh2", 0.01826591456508083], ["r_5meta", 0.017848328447836483], ["r_thigh3", 0.01765988804857346], ["r_thigh4", 0.01755303948694491], ["r_thigh1", 0.017326957434371706], ["r_shank_antsup", 0.016913497659308677], ["R_elbow_lat", 0.01677338539710395], ["R_wrist_ulna", 0.01658852803185241], ["R_HJC", 0.016427198133457173], ["r_sh2", 0.016058595066763066], ["L_Sternum", 0.014854167306526573], ["L_wrist_radius", 0.013999037659403253], ["L_HJC", 0.013818404579165946], ["R_wrist_radius", 0.012299501613354595], ["R_Sternum", 0.011349746225188917], ["L_HJC_reg", 0.0], ["R_HJC_reg", 0.0], ["L_humerus", 0.0], ["R_humerus", 0.0], ["R_forearm", 0.0], ["L_forearm", 0.0]]}