{"linearResidual": 1.069332195604087, "angularResidual": 6.588917954387273, "numBadDynamicsFrames": 0, "autoAvgRMSE": 0.02097230962374241, "autoAvgMax": 0.05145690496636694, "markerErrors": [["R_Shoulder", 0.05040118119989443], ["L_Shoulder", 0.04577916106667136], ["R_elbow_lat", 0.04468424447046462], ["R_elbow_med", 0.03922349356604482], ["R_wrist_ulna", 0.036414428490154235], ["L_elbow_med", 0.0328827708740947], ["R_wrist_radius", 0.032139561728366656], ["L.PSIS", 0.029510843576357755], ["L_elbow_lat", 0.028357812813016133], ["L.ASIS", 0.027698141648976472], ["r.ASIS", 0.023348969463723893], ["L_HJC", 0.022170286691606006], ["L_sh2", 0.019670986094623134], ["r.PSIS", 0.01933475033050521], ["L_knee", 0.01916825753602716], ["L_thigh1", 0.018792770459688937], ["r_thigh1", 0.018524811308457727], ["L_wrist_radius", 0.017785201474052825], ["R_HJC", 0.01723822864382869], ["r_thigh2", 0.016831987156977694], ["L_thigh2", 0.016702260717551667], ["r_shank_antsup", 0.016518627789706614], ["r_knee", 0.01649504681090067], ["r_calc", 0.01641281859359059], ["L_shank_antsup", 0.015834933629651184], ["L_wrist_ulna", 0.015505401312729091], ["r_sh3", 0.01544725875496077], ["r_thigh3", 0.015433102085944778], ["L_thigh4", 0.015345569684361654], ["L_calc", 0.014844463889132298], ["L_sh3", 0.01432300111993077], ["r_sh4", 0.013854146196245915], ["L_Sternum", 0.013788877196261012], ["R_Sternum", 0.013614552063049658], ["L_thigh3", 0.013326782601702322], ["C7", 0.013138706315382111], ["L_ankle", 0.012151369230621607], ["r_thigh4", 0.01208011413144005], ["r_toe", 0.011340410336120382], ["L_toe", 0.011212811631794306], ["r_ankle", 0.011201325764000139], ["r_sh2", 0.011159464699956956], ["r_thigh5", 0.011066359161658303], ["L_5meta", 0.01088189605040454], ["r_5meta", 0.007883174022176], ["L_HJC_reg", 0.0], ["R_humerus", 0.0], ["R_forearm", 0.0], ["L_forearm", 0.0], ["L_humerus", 0.0], ["R_HJC_reg", 0.0]]}