{"linearResidual": 2.2677137406628316, "angularResidual": 7.99257907335321, "numBadDynamicsFrames": 0, "autoAvgRMSE": 0.013561306014410123, "autoAvgMax": 0.03148330353387143, "markerErrors": [["C7", 0.02547215766894071], ["L_elbow_lat", 0.024665174709047763], ["R_elbow_med", 0.022457716772530893], ["L.PSIS", 0.022007319492299237], ["L.ASIS", 0.02196914548975243], ["L_Shoulder", 0.021557764669511884], ["r_toe", 0.020598760226907643], ["r.ASIS", 0.0201808012015707], ["r_knee", 0.01963339907619959], ["L_knee", 0.01937615744803262], ["R_Shoulder", 0.01930346603875827], ["L_Sternum", 0.017557120599785526], ["L_5meta", 0.016676270461435345], ["r.PSIS", 0.016507347516493246], ["L_calc", 0.016494506769895976], ["R_HJC", 0.01575310646544756], ["R_Sternum", 0.014942048718850144], ["L_HJC", 0.014818166706796273], ["r_calc", 0.014763863637377498], ["r_ankle", 0.014264795880311898], ["L_elbow_med", 0.014134956865865526], ["L_toe", 0.012978180979277923], ["r_sh3", 0.012040574936329413], ["L_sh2", 0.011633267288809758], ["r_5meta", 0.011091936989095455], ["r_thigh5", 0.009995258639405192], ["R_elbow_lat", 0.009971686114315119], ["r_sh4", 0.009916116912138194], ["R_wrist_radius", 0.009903268057035172], ["L_ankle", 0.009025961128541685], ["L_wrist_ulna", 0.009016332935494203], ["L_thigh1", 0.00871074793715583], ["r_thigh3", 0.00845313775141313], ["L_thigh2", 0.008451333394830377], ["L_sh3", 0.008375331493823896], ["r_shank_antsup", 0.008327502208274027], ["r_thigh4", 0.00828914694041549], ["r_thigh2", 0.007922744377259067], ["R_wrist_ulna", 0.007756761064857822], ["L_thigh3", 0.0074023519625868155], ["L_thigh4", 0.007239968632899378], ["L_shank_antsup", 0.007033374129234025], ["L_wrist_radius", 0.006788016420845735], ["r_thigh1", 0.006557452781996251], ["r_sh2", 0.006534299494194372], ["R_HJC_reg", 0.0], ["L_HJC_reg", 0.0], ["R_forearm", 0.0], ["L_forearm", 0.0], ["L_humerus", 0.0], ["R_humerus", 0.0]]}