{"linearResidual": 207.3580449908565, "angularResidual": 75.17115180202791, "numBadDynamicsFrames": 0, "autoAvgRMSE": 0.015995700964408298, "autoAvgMax": 0.04014993720121978, "markerErrors": [["R_Shoulder", 0.04032097809953535], ["L_Shoulder", 0.03456186034509429], ["R_elbow_med", 0.026745264252236174], ["L_elbow_med", 0.025300962667004604], ["R_Sternum", 0.02339365146724966], ["r_knee", 0.022127958187576593], ["L_elbow_lat", 0.0220545532711535], ["L_Sternum", 0.021228560979290455], ["L_knee", 0.020391685125980774], ["r_thigh1", 0.019108017328174458], ["C7", 0.018545772929750837], ["R_elbow_lat", 0.017934244687796388], ["r_thigh2", 0.01779244815596649], ["r_thigh3", 0.01743331186480154], ["r.ASIS", 0.017105627732614065], ["r_calc", 0.016671707621715593], ["L.ASIS", 0.01613646026431999], ["L_5meta", 0.016118703225011192], ["r_ankle", 0.015711431055062654], ["r_thigh4", 0.01535377926020613], ["r_thigh5", 0.015187822429041778], ["r_toe", 0.015127408626298225], ["r_sh4", 0.014356508368228786], ["L_thigh1", 0.014079947919817056], ["L_toe", 0.01403649579789344], ["L_sh3", 0.013991117657752452], ["L_ankle", 0.013899459124237448], ["L_sh2", 0.013881427619194498], ["r_sh3", 0.013343649882558654], ["R_wrist_radius", 0.01317918129025553], ["L_thigh2", 0.01314685528642206], ["r_5meta", 0.012999019017622888], ["L_thigh3", 0.012665341113845057], ["L.PSIS", 0.012502163448119476], ["R_HJC", 0.01195671499861612], ["L_thigh4", 0.011311591977602202], ["L_wrist_radius", 0.011209695524189664], ["L_calc", 0.01110403281870098], ["L_shank_antsup", 0.010831846574918352], ["r_sh2", 0.010651657131202683], ["L_HJC", 0.010433292730295165], ["L_wrist_ulna", 0.010140680378972073], ["r_shank_antsup", 0.009985905184193244], ["r.PSIS", 0.009905393315865261], ["R_wrist_ulna", 0.008201538781697834], ["L_humerus", 0.0], ["R_humerus", 0.0], ["R_forearm", 0.0], ["L_forearm", 0.0], ["R_HJC_reg", 0.0], ["L_HJC_reg", 0.0]]}