{"linearResidual": 80.27637580691946, "angularResidual": 65.89821736960916, "numBadDynamicsFrames": 0, "autoAvgRMSE": 0.02348761296775139, "autoAvgMax": 0.07296516592598225, "markerErrors": [["R_Shoulder", 0.06883466096679625], ["L_Shoulder", 0.06275326288284255], ["L_Sternum", 0.040501032660943105], ["R_Sternum", 0.03880567757466295], ["r.ASIS", 0.03661055466226076], ["L_elbow_med", 0.036557446897341195], ["C7", 0.035973656745902034], ["R_wrist_ulna", 0.03454548697924278], ["L.ASIS", 0.032248873755776744], ["R_elbow_lat", 0.031209271497484807], ["L_elbow_lat", 0.030084662728333184], ["L_wrist_ulna", 0.027242975245711096], ["R_elbow_med", 0.026673148973382053], ["L.PSIS", 0.024104084965443525], ["L_calc", 0.022729093272782542], ["r.PSIS", 0.022393522753190807], ["r_calc", 0.020025866275185027], ["L_knee", 0.019285694760359236], ["r_5meta", 0.01870644207918005], ["L_wrist_radius", 0.01824844705156171], ["r_ankle", 0.018121906376426092], ["L_toe", 0.018000794526709035], ["L_5meta", 0.016849624705410758], ["r_knee", 0.01600554912278535], ["R_wrist_radius", 0.015976712808916355], ["r_thigh4", 0.014907459275154553], ["r_thigh1", 0.01443736574563551], ["L_ankle", 0.014403041407486019], ["R_HJC", 0.014318415673615682], ["r_thigh2", 0.01376747924863036], ["r_thigh3", 0.013445872320666684], ["r_toe", 0.013245845560284856], ["r_thigh5", 0.013084862659005108], ["L_thigh3", 0.013026530494602522], ["L_HJC", 0.012839246641367718], ["L_thigh4", 0.01235124457024183], ["L_sh2", 0.011888139892170049], ["L_thigh1", 0.01176079417667779], ["L_thigh2", 0.011424078747092115], ["L_shank_antsup", 0.010136542492171831], ["L_sh3", 0.009700028278778482], ["r_sh3", 0.008254235754070468], ["r_sh4", 0.008100850737114555], ["r_shank_antsup", 0.007714703924746917], ["r_sh2", 0.006828771986252496], ["L_humerus", 0.0], ["L_forearm", 0.0], ["L_HJC_reg", 0.0], ["R_humerus", 0.0], ["R_forearm", 0.0], ["R_HJC_reg", 0.0]]}