{"linearResidual": 9.644854254244548, "angularResidual": 47.79077923589615, "numBadDynamicsFrames": 0, "autoAvgRMSE": 0.01864842525427917, "autoAvgMax": 0.044153240585284255, "markerErrors": [["R_Shoulder", 0.03472489581575399], ["L_knee", 0.03119702606203426], ["R_elbow_med", 0.030068130029444397], ["L.ASIS", 0.029676895692486053], ["C7", 0.029675952668073186], ["L_thigh4", 0.026830425615528564], ["L_thigh2", 0.026821804894894878], ["L_Shoulder", 0.026775012716869516], ["r_knee", 0.02534907520876352], ["r_thigh5", 0.02441974114480044], ["r_thigh4", 0.023899474608313324], ["L_thigh1", 0.02306615149491209], ["r_thigh3", 0.022900073051115834], ["L_thigh3", 0.022553587185013945], ["L_Sternum", 0.022227497396614084], ["R_elbow_lat", 0.022015056435923316], ["L_elbow_med", 0.020867930530541787], ["R_Sternum", 0.02066564257109598], ["r_thigh1", 0.01965563306791212], ["r_calc", 0.01957330154310521], ["L_elbow_lat", 0.019352644805633056], ["L_calc", 0.01910350278037922], ["r.ASIS", 0.01776273786186534], ["r_thigh2", 0.017617855510220035], ["R_HJC", 0.017566767713927605], ["r.PSIS", 0.017274353954250487], ["L.PSIS", 0.01690189230362743], ["r_toe", 0.016841772848182095], ["r_ankle", 0.01661261994124838], ["L_sh2", 0.016440892890942353], ["L_HJC", 0.016122333549185804], ["R_wrist_radius", 0.015527234267717157], ["L_sh3", 0.015304452469670132], ["r_sh3", 0.014612338712161404], ["L_wrist_ulna", 0.014530220113566234], ["R_wrist_ulna", 0.014099329350548015], ["L_ankle", 0.013432690097985806], ["L_wrist_radius", 0.013204676046667625], ["r_5meta", 0.012638782628734385], ["r_sh4", 0.012308626761707695], ["L_toe", 0.01185111468289822], ["r_shank_antsup", 0.0107547340490972], ["L_5meta", 0.010584146843303183], ["r_sh2", 0.010411971141286716], ["L_shank_antsup", 0.010283072217149334], ["R_HJC_reg", 0.0], ["L_HJC_reg", 0.0], ["L_forearm", 0.0], ["L_humerus", 0.0], ["R_humerus", 0.0], ["R_forearm", 0.0]]}