{"linearResidual": 5.925768332322413, "angularResidual": 50.60069339863397, "numBadDynamicsFrames": 0, "autoAvgRMSE": 0.01596479119872383, "autoAvgMax": 0.041863262658026916, "markerErrors": [["C7", 0.034909994518997595], ["L_Shoulder", 0.034135040684266454], ["R_Shoulder", 0.03197112278995094], ["L_knee", 0.026721119101646828], ["r_knee", 0.02465336372736382], ["r.ASIS", 0.024615963408765294], ["L.ASIS", 0.022560910141849057], ["L_thigh3", 0.019754336824043612], ["L_elbow_med", 0.019205738366818284], ["L_elbow_lat", 0.01911930683137852], ["R_Sternum", 0.018932632385120052], ["L_sh2", 0.018894992855590237], ["r_thigh4", 0.018480323346561866], ["L_Sternum", 0.01793362661290121], ["R_elbow_med", 0.01740296942397884], ["L_thigh4", 0.01733795308310421], ["L_thigh1", 0.01728542845628422], ["r_thigh1", 0.016784824401571204], ["r_thigh3", 0.016727742383357128], ["R_elbow_lat", 0.01663769545716928], ["r_thigh5", 0.01632015003139408], ["r_thigh2", 0.014854998178537106], ["L_sh3", 0.014463889814690037], ["L_thigh2", 0.014074633811051994], ["r_calc", 0.013147572262060564], ["R_HJC", 0.012201760910737209], ["r_ankle", 0.011907916440282234], ["L_calc", 0.011760313972640334], ["r_toe", 0.011172008953322985], ["L_HJC", 0.010825033270156287], ["L.PSIS", 0.010789467642177768], ["r.PSIS", 0.010778289910979077], ["L_shank_antsup", 0.010616677149172858], ["r_sh4", 0.01051129094168897], ["L_ankle", 0.010448030324957246], ["L_toe", 0.009452774525319584], ["r_5meta", 0.009097631943587921], ["L_5meta", 0.008982594907626987], ["L_wrist_ulna", 0.00888472933717692], ["r_sh3", 0.008842204366237677], ["R_wrist_ulna", 0.008820014283556117], ["r_sh2", 0.007709676298465648], ["r_shank_antsup", 0.007456614740360797], ["R_wrist_radius", 0.007187348804483207], ["L_wrist_radius", 0.006875723078176493], ["L_forearm", 0.0], ["L_humerus", 0.0], ["L_HJC_reg", 0.0], ["R_humerus", 0.0], ["R_forearm", 0.0], ["R_HJC_reg", 0.0]]}