{"linearResidual": 5.852457637997602, "angularResidual": 10.041418924254032, "numBadDynamicsFrames": 0, "autoAvgRMSE": 0.02347280490202637, "autoAvgMax": 0.059260002501209504, "markerErrors": [["R_wrist_ulna", 0.05887742415717146], ["R_wrist_radius", 0.05801850958326504], ["L_wrist_ulna", 0.04794807248585058], ["L_wrist_radius", 0.043491001481013196], ["C7", 0.04083427916152536], ["L_knee", 0.034401714652998926], ["L_Shoulder", 0.03327206593087464], ["r_knee", 0.03281938225487701], ["L.ASIS", 0.03236443892198755], ["L_elbow_lat", 0.02968800118304956], ["r.ASIS", 0.027518756767293946], ["R_Shoulder", 0.027012849692646557], ["R_elbow_med", 0.02653086706021127], ["R_elbow_lat", 0.025301333841279205], ["L_Sternum", 0.023973214573860632], ["R_Sternum", 0.023938358880099014], ["L_elbow_med", 0.023777009448616864], ["L_calc", 0.020163692402542746], ["r_thigh1", 0.020046797254050282], ["L_thigh1", 0.01934371164370924], ["r_thigh2", 0.018199313403995693], ["L_thigh2", 0.017963626871691733], ["r_thigh4", 0.017211439648735165], ["r.PSIS", 0.01638703318114544], ["r_thigh3", 0.01594215046340556], ["L_HJC", 0.015937565524226625], ["r_calc", 0.015450017125323859], ["R_HJC", 0.015133427868046358], ["L_sh2", 0.015011568608186403], ["L_shank_antsup", 0.014693708402170637], ["L_toe", 0.01377376955638154], ["L_thigh3", 0.012743862876544056], ["L_5meta", 0.012385395216890898], ["L_thigh4", 0.011891700865191276], ["L_sh3", 0.011716197793981203], ["r_toe", 0.011652496028202324], ["L_ankle", 0.011360477311714084], ["r_ankle", 0.01125759274787459], ["r_thigh5", 0.011103262406302522], ["L.PSIS", 0.010894063166571032], ["r_sh3", 0.010798593740924858], ["r_5meta", 0.00922089387072061], ["r_sh4", 0.009096246310449474], ["r_shank_antsup", 0.00782703453253117], ["r_sh2", 0.007212861062902143], ["R_humerus", 0.0], ["L_humerus", 0.0], ["L_forearm", 0.0], ["L_HJC_reg", 0.0], ["R_forearm", 0.0], ["R_HJC_reg", 0.0]]}