{"linearResidual": 4.8033669978856794, "angularResidual": 24.5359560311423, "numBadDynamicsFrames": 0, "autoAvgRMSE": 0.01507702916865093, "autoAvgMax": 0.038568496672330005, "markerErrors": [["CLAV", 0.038371667069927805], ["RACR", 0.03293800753603289], ["LACR", 0.030737762883814634], ["LMT5", 0.026662449612083364], ["RMT5", 0.02333344314500336], ["LTH2", 0.019116559286243468], ["LCAL", 0.016975333238078826], ["LTH1", 0.01641003524336297], ["LTH3", 0.01589350809667105], ["LTOE", 0.015813786279391846], ["RPSI", 0.01576771760354714], ["RTH3", 0.01534411173692947], ["RTH1", 0.015064233255938166], ["C7", 0.0132083590116796], ["LPSI", 0.013152499263826752], ["LTB1", 0.012779554317361465], ["RTOE", 0.01276573567870168], ["LTB2", 0.012733494308498346], ["LMEL", 0.012561861855915148], ["RLEL", 0.011113814421624742], ["RTB2", 0.010727059644457484], ["RTB1", 0.01041311079429747], ["LLEL", 0.010225275776480053], ["LTB3", 0.010063362782237881], ["RUA2", 0.009920253002825995], ["RUA1", 0.00962392002054536], ["RUA3", 0.009367913497476628], ["LASI", 0.009332839745785462], ["RTB3", 0.009197759117022355], ["RCAL", 0.00862046848241281], ["RMEL", 0.008419015097782864], ["LUA2", 0.007945376101081036], ["LUA3", 0.0076603689566861624], ["LUA1", 0.006552963723473417], ["RASI", 0.00645550835131805], ["LFAradius", 0.0049495600590470845], ["RFAsuperior", 0.004859538544377392], ["LFAulna", 0.004844339281381033], ["LFAsuperior", 0.0046315754899515105], ["RFAulna", 0.004356580660757677], ["RFAradius", 0.0032581663601873516]]}