{"linearResidual": 52.28163396537993, "angularResidual": 39.15579104042077, "numBadDynamicsFrames": 0, "autoAvgRMSE": 0.01836315207582549, "autoAvgMax": 0.04382853951056074, "markerErrors": [["R_Shoulder", 0.0346627335163588], ["L_knee", 0.032272017719694845], ["C7", 0.031399851242582016], ["L.ASIS", 0.0279914536805927], ["L_Shoulder", 0.026621786716206797], ["r_knee", 0.026487841280877278], ["L_thigh2", 0.02644169429757654], ["R_elbow_med", 0.025806178828974208], ["L_thigh4", 0.025199990856452217], ["R_Sternum", 0.024680629821345366], ["R_elbow_lat", 0.0238537950138734], ["L_Sternum", 0.0236466954842386], ["L_thigh1", 0.021869121449458618], ["L_calc", 0.02119947294782986], ["r_thigh5", 0.021061445129790517], ["r_calc", 0.02076161375319163], ["L_elbow_lat", 0.020100573597884405], ["L_thigh3", 0.019828933401372834], ["r_thigh4", 0.019544019467921076], ["r_thigh3", 0.0191748188365816], ["L_elbow_med", 0.018792713267869857], ["r.ASIS", 0.01806398229431134], ["r.PSIS", 0.018011009983100273], ["L_sh3", 0.01747001372850072], ["L.PSIS", 0.017436271883914688], ["R_wrist_ulna", 0.017416882078538427], ["r_thigh1", 0.017058303556358123], ["r_ankle", 0.016657801402912426], ["r_toe", 0.01600395061024033], ["R_wrist_radius", 0.015759091959201884], ["r_thigh2", 0.015324877454597347], ["r_sh3", 0.015140219990579426], ["L_sh2", 0.015110291604360343], ["L_wrist_ulna", 0.01449267280355101], ["L_ankle", 0.014115036871822946], ["R_HJC", 0.013971610691977951], ["L_HJC", 0.013795737333483748], ["r_sh4", 0.012394102427990316], ["r_5meta", 0.011957444584927512], ["L_wrist_radius", 0.011893035782528226], ["L_toe", 0.011111958099063034], ["L_5meta", 0.01055389839037817], ["r_shank_antsup", 0.010471937582016479], ["L_shank_antsup", 0.010218395420028484], ["r_sh2", 0.009366827770364817], ["L_humerus", 0.0], ["L_forearm", 0.0], ["R_humerus", 0.0], ["L_HJC_reg", 0.0], ["R_forearm", 0.0], ["R_HJC_reg", 0.0]]}