{"linearResidual": 9.574919762014945, "angularResidual": 37.82970002534858, "numBadDynamicsFrames": 0, "autoAvgRMSE": 0.013169837523289873, "autoAvgMax": 0.038465872940945015, "markerErrors": [["CLAV", 0.038544390524661944], ["LMT5", 0.02257939834179528], ["RACR", 0.01947887645509261], ["C7", 0.01877886838802852], ["RMT5", 0.01840116864282362], ["LACR", 0.016314534561297094], ["LTH2", 0.014892193297632823], ["LTOE", 0.013498031441276934], ["RASI", 0.013492127303743516], ["RTH2", 0.013347937737151908], ["RTOE", 0.013300258952672759], ["LTH3", 0.013019742299258796], ["LASI", 0.012923558158737882], ["LTH1", 0.012907933226649413], ["RMEL", 0.012250772530068345], ["RTH3", 0.012089236774794242], ["LPSI", 0.011507751897718894], ["LTB1", 0.011487240471402526], ["RUA2", 0.011415682145842546], ["RTB1", 0.011267284266183035], ["LMEL", 0.011034732562541711], ["RPSI", 0.010967351507095872], ["RLEL", 0.010935731321443985], ["LFAradius", 0.010534178405043101], ["LCAL", 0.010489586502323229], ["LTB2", 0.010147254802130615], ["LUA2", 0.00996312698447665], ["RUA1", 0.009811944676723618], ["RTH1", 0.009778564534755023], ["LLEL", 0.0091421867447518], ["LFAulna", 0.008966251765257222], ["RUA3", 0.00874319786299363], ["LUA1", 0.008610799425472585], ["RTB2", 0.008180485183470127], ["LTB3", 0.008151862784757125], ["RFAradius", 0.008092220737012915], ["RCAL", 0.007317696768145239], ["RTB3", 0.007142639636745735], ["LFAsuperior", 0.006090225840718976], ["LUA3", 0.0060219350148371905], ["RFAsuperior", 0.005857129392563275], ["RFAulna", 0.005044708602904102]]}