{"linearResidual": 3.4182652831562423, "angularResidual": 28.027410239308363, "numBadDynamicsFrames": 0, "autoAvgRMSE": 0.015451853168937558, "autoAvgMax": 0.03965245448536986, "markerErrors": [["RMT5", 0.03644370163126958], ["LACR", 0.0334594590760491], ["LMT5", 0.029358541740605586], ["RTOE", 0.028358739759184036], ["RTH2", 0.02069718501702976], ["RACR", 0.019641611918696417], ["RTH1", 0.018526190414334072], ["LTOE", 0.018347412135656833], ["CLAV", 0.017696851358452486], ["LASI", 0.017250222003655592], ["RMEL", 0.017167738854050665], ["C7", 0.016744651351992056], ["RTH3", 0.016473801283738033], ["LTH2", 0.015789192521030743], ["LMEL", 0.015538736579015023], ["LPSI", 0.013345849526419581], ["RPSI", 0.01292783533689951], ["LCAL", 0.012913864825127382], ["LTH3", 0.012722691599137009], ["LTH1", 0.012436139569160428], ["RTB1", 0.011381751204747086], ["RCAL", 0.011250778645318127], ["LTB2", 0.01032202836038342], ["RUA1", 0.01025651332692272], ["LTB1", 0.010200778409083502], ["RTB3", 0.010131774675464396], ["LTB3", 0.009503501410425903], ["LLEL", 0.009449217337615338], ["RUA2", 0.009103162531624902], ["RTB2", 0.009073710624117218], ["RLEL", 0.009017080094262827], ["LUA1", 0.008908102477230352], ["LUA2", 0.008708603034069088], ["LUA3", 0.008644932678651617], ["RUA3", 0.008420327038128755], ["LFAulna", 0.008356931185683964], ["LFAradius", 0.007875403593073385], ["RFAradius", 0.0076849076735418164], ["RFAulna", 0.007245425231961171], ["RASI", 0.006307406886414483], ["RFAsuperior", 0.00592176672879855], ["LFAsuperior", 0.005869071755172593]]}