{"linearResidual": 4.759462542751138, "angularResidual": 10.845299709390577, "numBadDynamicsFrames": 0, "autoAvgRMSE": 0.014552116965343486, "autoAvgMax": 0.031103666698882634, "markerErrors": [["R_Shoulder", 0.02986913528828252], ["r.ASIS", 0.023593062816698023], ["L.ASIS", 0.023538158593342302], ["r_calc", 0.02294709658603428], ["r_knee", 0.022644674925044912], ["r.PSIS", 0.020120001241114127], ["L_wrist_ulna", 0.018901424683236318], ["L.PSIS", 0.018762951863487285], ["r_5meta", 0.018580570061563162], ["R_wrist_ulna", 0.01782094547665644], ["R_elbow_lat", 0.017513571653839398], ["L_knee", 0.017509022622043575], ["L_elbow_lat", 0.01745816633059874], ["L_thigh2", 0.017285566990420664], ["r_thigh1", 0.01725465075399076], ["L_thigh1", 0.01695606293870907], ["L_Shoulder", 0.016836391281549238], ["L_calc", 0.015300710184460362], ["R_Sternum", 0.0143499722357978], ["L_thigh4", 0.014281323945467222], ["r_thigh2", 0.0142379066060073], ["C7", 0.014223349475429577], ["L_Sternum", 0.01420664272788625], ["r_thigh4", 0.014075817161226363], ["R_HJC", 0.013326393261197347], ["L_thigh3", 0.013197049979223581], ["r_thigh3", 0.013177004289207098], ["R_elbow_med", 0.013034996346750963], ["L_ankle", 0.012634755605237698], ["r_sh4", 0.0124371203964638], ["r_thigh5", 0.012147165538605318], ["r_sh3", 0.012123719600955296], ["r_shank_antsup", 0.01181477139967302], ["r_ankle", 0.0118082137036447], ["R_wrist_radius", 0.01166904599276423], ["L_HJC", 0.010741666239316668], ["r_toe", 0.010522478881114855], ["r_sh2", 0.01033385555720877], ["L_5meta", 0.01012411101620842], ["L_sh2", 0.010010311946043335], ["L_elbow_med", 0.009803472134442567], ["L_toe", 0.009556815708035337], ["L_wrist_radius", 0.009091800479071974], ["L_sh3", 0.008609477754937563], ["L_shank_antsup", 0.008599894740037963], ["L_forearm", 0.0], ["L_humerus", 0.0], ["R_humerus", 0.0], ["R_forearm", 0.0], ["L_HJC_reg", 0.0], ["R_HJC_reg", 0.0]]}