{"linearResidual": 5.092629064547603, "angularResidual": 23.841844817348868, "numBadDynamicsFrames": 0, "autoAvgRMSE": 0.01626092861618497, "autoAvgMax": 0.04142899299330999, "markerErrors": [["CLAV", 0.04127091926247766], ["LACR", 0.03198702071706282], ["RACR", 0.026853366305585342], ["LMT5", 0.02677372683286892], ["RMT5", 0.02552150098935662], ["LMEL", 0.02123482739530436], ["RTH2", 0.020876075326910194], ["RTOE", 0.019496762980963984], ["RTH3", 0.018760827161829], ["RTH1", 0.017937480800092134], ["RASI", 0.01746860344047442], ["LTH1", 0.017397290139820748], ["LTH3", 0.017340475769324314], ["LTH2", 0.01716591160475379], ["RMEL", 0.01715652437767908], ["C7", 0.01694392178010651], ["LTOE", 0.01568018166215276], ["RPSI", 0.014628815710213126], ["RTB1", 0.014441044425819519], ["LPSI", 0.014086346392571798], ["LASI", 0.013763368427640869], ["RFAradius", 0.013558093087097298], ["LCAL", 0.012864841089162719], ["LTB2", 0.012232695999517278], ["LTB1", 0.012120669970969132], ["RTB2", 0.011217650573623186], ["LTB3", 0.010302603297803399], ["LUA2", 0.009742731674948601], ["RUA2", 0.008371158912909647], ["RTB3", 0.008351574460758996], ["RCAL", 0.008277561851756425], ["LUA1", 0.008179812506327344], ["RUA1", 0.0069436388373035], ["RUA3", 0.005966422111320954], ["LFAradius", 0.0059472508778974234], ["RLEL", 0.005764071573955622], ["LUA3", 0.005732906849696901], ["LFAulna", 0.00570670645960565], ["RFAsuperior", 0.005698544293249688], ["LFAsuperior", 0.0054847047807559685], ["LLEL", 0.004571468204288663], ["RFAulna", 0.004231607198720229]]}