{"linearResidual": 6.421812448322986, "angularResidual": 9.3748069968295, "numBadDynamicsFrames": 0, "autoAvgRMSE": 0.015150562604654506, "autoAvgMax": 0.03340796590552357, "markerErrors": [["R_Shoulder", 0.03134667628894658], ["L.ASIS", 0.02509058834607428], ["r_calc", 0.024991161788397883], ["r.ASIS", 0.02354647873731727], ["r_knee", 0.023484874831406533], ["r.PSIS", 0.020689795971832025], ["r_5meta", 0.020636564296537648], ["L_wrist_ulna", 0.01960411463240497], ["L.PSIS", 0.01954143060457248], ["L_knee", 0.01804313759143739], ["r_thigh1", 0.01794906574821627], ["R_elbow_lat", 0.017610823085315162], ["R_wrist_ulna", 0.01737096759636251], ["L_elbow_lat", 0.017316537184934606], ["L_Shoulder", 0.016981358348689732], ["L_thigh2", 0.016884916064094], ["R_elbow_med", 0.016850138132176864], ["L_thigh1", 0.015907162498155793], ["r_thigh4", 0.015611736691686726], ["C7", 0.015254291533994912], ["L_calc", 0.015233180965236277], ["R_Sternum", 0.014914186793861223], ["r_thigh2", 0.014695331711239776], ["L_Sternum", 0.014455760927737126], ["L_thigh4", 0.013965901387779223], ["R_HJC", 0.013856967548053297], ["r_shank_antsup", 0.013850157630091902], ["r_thigh3", 0.013736868980747654], ["r_sh4", 0.0135632453108113], ["r_thigh5", 0.013428995442201734], ["r_sh3", 0.013299290759268483], ["L_ankle", 0.012523656450160998], ["r_ankle", 0.012392633916752096], ["R_wrist_radius", 0.012034477820402158], ["L_5meta", 0.01202575702242277], ["L_thigh3", 0.011848469071887694], ["L_elbow_med", 0.011804896731233068], ["r_sh2", 0.011723749952094699], ["L_toe", 0.010992607354066174], ["r_toe", 0.010809600335181776], ["L_sh2", 0.010513496345141489], ["L_HJC", 0.009782349054491976], ["L_sh3", 0.00957957239601065], ["L_wrist_radius", 0.009438982976833704], ["L_shank_antsup", 0.008762022794212516], ["L_forearm", 0.0], ["L_humerus", 0.0], ["R_humerus", 0.0], ["L_HJC_reg", 0.0], ["R_forearm", 0.0], ["R_HJC_reg", 0.0]]}