{"linearResidual": 49.33715121524781, "angularResidual": 33.132050882017886, "numBadDynamicsFrames": 0, "autoAvgRMSE": 0.016895245701892075, "autoAvgMax": 0.03982075312135121, "markerErrors": [["R_elbow_med", 0.034276617617460696], ["R_Shoulder", 0.033441442929341834], ["L_Sternum", 0.03063722452922152], ["L.PSIS", 0.02921907696163552], ["L_Shoulder", 0.02875851145802892], ["L_knee", 0.027139572297020683], ["R_Sternum", 0.02537297202619347], ["r.PSIS", 0.0238353739767234], ["r_knee", 0.023269095679939625], ["R_elbow_lat", 0.02286903147389527], ["L_thigh1", 0.02035290107160149], ["L_HJC", 0.019270611007435195], ["r_calc", 0.018162512668078747], ["L_thigh2", 0.017321827087557293], ["R_HJC", 0.017307436899757972], ["L.ASIS", 0.016594849583307834], ["C7", 0.016293988889600573], ["L_toe", 0.016143553140126717], ["r_thigh1", 0.016094236521447567], ["L_elbow_lat", 0.015980167215054058], ["L_thigh3", 0.015026931764145855], ["r.ASIS", 0.014754481150144088], ["r_5meta", 0.014716011313711233], ["r_thigh3", 0.01465634583603161], ["r_thigh5", 0.01453898843406061], ["L_wrist_ulna", 0.014462008573138311], ["L_thigh4", 0.014090148241259362], ["r_thigh4", 0.014085232382191441], ["r_thigh2", 0.013902605213575928], ["L_elbow_med", 0.013537761297553708], ["L_calc", 0.013087764398582368], ["r_toe", 0.013022602440544656], ["L_ankle", 0.012276645601084877], ["L_wrist_radius", 0.011993841119551683], ["L_shank_antsup", 0.011697276503429173], ["L_5meta", 0.011110017265463283], ["r_ankle", 0.010574101143534248], ["r_shank_antsup", 0.010047234378738536], ["R_wrist_ulna", 0.01001605686623456], ["L_sh2", 0.00931389394514652], ["R_wrist_radius", 0.009152344621251444], ["r_sh3", 0.008601659059064341], ["L_sh3", 0.008524368368142249], ["r_sh2", 0.006996146899573378], ["r_sh4", 0.00635826461726292], ["L_HJC_reg", 0.0], ["R_humerus", 0.0], ["R_forearm", 0.0], ["R_HJC_reg", 0.0], ["L_forearm", 0.0], ["L_humerus", 0.0]]}