{"linearResidual": 6.025107440422501, "angularResidual": 7.722283150320474, "numBadDynamicsFrames": 0, "autoAvgRMSE": 0.017500543405089802, "autoAvgMax": 0.03643811273841462, "markerErrors": [["L.ASIS", 0.03269978155563023], ["L_elbow_lat", 0.030703510422653048], ["R_elbow_lat", 0.029297099257960254], ["C7", 0.028685920775667284], ["L_thigh2", 0.028112989590104075], ["R_Shoulder", 0.027448073914977646], ["L_thigh4", 0.026745815547834152], ["L_Sternum", 0.025530848339289754], ["r_5meta", 0.023241251492428457], ["R_Sternum", 0.022973577168348986], ["L_thigh3", 0.022415759515069553], ["r.ASIS", 0.021917863579629673], ["L_thigh1", 0.021607878986193273], ["L_knee", 0.02106212330063725], ["r_calc", 0.019799916694490906], ["r_thigh3", 0.01890693059022012], ["r_thigh5", 0.01845952191252814], ["L_Shoulder", 0.017758974357344137], ["r_knee", 0.01757282074246776], ["L_sh2", 0.017348717896795016], ["r_thigh2", 0.0172028380979987], ["R_elbow_med", 0.01672102352245514], ["r_thigh1", 0.01642618450961773], ["r_thigh4", 0.01642495782991018], ["r_ankle", 0.016415035721890712], ["L_sh3", 0.01562621460621876], ["r.PSIS", 0.015319202198999854], ["L.PSIS", 0.014792004970646854], ["L_calc", 0.013934014849881899], ["L_elbow_med", 0.013570587631598088], ["r_sh3", 0.013533638812345513], ["r_sh4", 0.0134926554396667], ["L_5meta", 0.013078952714890478], ["r_shank_antsup", 0.012947301985792853], ["R_HJC", 0.011968132114285275], ["L_ankle", 0.0112169859142959], ["L_toe", 0.010257959341729635], ["r_sh2", 0.01015534764569622], ["R_wrist_radius", 0.00987623146057821], ["L_HJC", 0.009455303300803863], ["R_wrist_ulna", 0.007596412744674494], ["r_toe", 0.007545984459986848], ["L_shank_antsup", 0.007074688250494585], ["L_wrist_radius", 0.007068163963618339], ["L_wrist_ulna", 0.005567676928562984], ["R_humerus", 0.0], ["R_forearm", 0.0], ["R_HJC_reg", 0.0], ["L_humerus", 0.0], ["L_forearm", 0.0], ["L_HJC_reg", 0.0]]}