{"linearResidual": 0.9970844065581738, "angularResidual": 7.635919877927216, "numBadDynamicsFrames": 0, "autoAvgRMSE": 0.015980003758244984, "autoAvgMax": 0.0342937589663575, "markerErrors": [["L_Shoulder", 0.032718447914279684], ["R_Shoulder", 0.029161750494160386], ["L_elbow_lat", 0.02552066992182698], ["r.ASIS", 0.02463694815371955], ["L_5meta", 0.024589217416578827], ["L_Sternum", 0.02301034466178317], ["R_Sternum", 0.020999844235757525], ["r_knee", 0.020876589605755225], ["R_elbow_lat", 0.02038819531966232], ["R_elbow_med", 0.020319501317774775], ["r_5meta", 0.01940084621473564], ["L_elbow_med", 0.019320864578017], ["L_knee", 0.019270112470180126], ["C7", 0.018937498717709493], ["L_calc", 0.018098691923560343], ["r_calc", 0.017423048036172246], ["r_ankle", 0.01691908129069407], ["L_thigh2", 0.01681845321537261], ["L.ASIS", 0.016801860053944385], ["L_HJC", 0.016763943416245694], ["r_thigh2", 0.016199585468556398], ["L_ankle", 0.016132226765366308], ["r_thigh1", 0.015889872481570456], ["L_thigh1", 0.015462472638219737], ["R_HJC", 0.014987436450165294], ["r_thigh3", 0.014778248825664113], ["L_toe", 0.014717531474120357], ["L_thigh3", 0.014017916041811917], ["r_toe", 0.013747465089056988], ["r_sh3", 0.013597173371526773], ["r_sh4", 0.013283574075464013], ["L_thigh4", 0.01315896096365567], ["R_wrist_radius", 0.012742976155129091], ["r_thigh5", 0.01151857323707518], ["L.PSIS", 0.011466346808341462], ["r.PSIS", 0.011166235372706007], ["r_shank_antsup", 0.010976186589581943], ["r_thigh4", 0.010740637974179868], ["L_sh2", 0.010325125416798918], ["r_sh2", 0.010296672595708658], ["L_shank_antsup", 0.009615518282619992], ["L_sh3", 0.009134996680075573], ["L_wrist_ulna", 0.008274453058290951], ["L_wrist_radius", 0.006796286100205691], ["R_wrist_ulna", 0.006631832647100467], ["L_humerus", 0.0], ["L_forearm", 0.0], ["L_HJC_reg", 0.0], ["R_humerus", 0.0], ["R_forearm", 0.0], ["R_HJC_reg", 0.0]]}