{"linearResidual": 41.99758394216668, "angularResidual": 31.91436098617304, "numBadDynamicsFrames": 0, "autoAvgRMSE": 0.020407694405524403, "autoAvgMax": 0.05693329229691092, "markerErrors": [["L_Shoulder", 0.04865505987649517], ["R_Shoulder", 0.0480585177167322], ["R_elbow_med", 0.0337435817492207], ["r_knee", 0.03319358672660988], ["L_knee", 0.02730161549960983], ["R_elbow_lat", 0.026778431150610453], ["R_wrist_ulna", 0.026652736677356938], ["R_wrist_radius", 0.026178498547773543], ["r_toe", 0.02591950049280797], ["r_thigh1", 0.024105086124529242], ["r_thigh4", 0.023792754181614476], ["r.PSIS", 0.02372916444700721], ["r_thigh5", 0.023362294265808395], ["r_thigh3", 0.02272288643575242], ["L_elbow_med", 0.021643883135723713], ["L_wrist_ulna", 0.02074395984060122], ["r.ASIS", 0.020708818951835278], ["L_Sternum", 0.020320552459003605], ["r_calc", 0.02028595483431085], ["L.PSIS", 0.020031169021079754], ["C7", 0.019170174970509237], ["r_thigh2", 0.019031250462332984], ["L.ASIS", 0.01894394526256018], ["L_elbow_lat", 0.018498431430034237], ["R_Sternum", 0.018445563507121423], ["L_toe", 0.017567889786395265], ["r_5meta", 0.01713400866868565], ["L_thigh3", 0.016809401416511997], ["r_ankle", 0.01639833198126248], ["L_thigh4", 0.01617814416998367], ["L_HJC", 0.015643706382249187], ["R_HJC", 0.015592230133483752], ["L_thigh1", 0.015029337465396956], ["L_ankle", 0.014997293504155495], ["L_calc", 0.014333818486122097], ["L_wrist_radius", 0.01411231736450958], ["r_sh3", 0.013967714144340863], ["r_sh4", 0.013855393919994501], ["L_thigh2", 0.013498373897666381], ["L_sh3", 0.012084611789966395], ["r_shank_antsup", 0.01160413421485021], ["L_sh2", 0.010880400752856257], ["L_5meta", 0.010851611487932738], ["L_shank_antsup", 0.00955774029735135], ["r_sh2", 0.009002561602367287], ["L_humerus", 0.0], ["L_HJC_reg", 0.0], ["L_forearm", 0.0], ["R_humerus", 0.0], ["R_forearm", 0.0], ["R_HJC_reg", 0.0]]}