{"linearResidual": 27.36858104079491, "angularResidual": 5.791161451972683, "numBadDynamicsFrames": 0, "autoAvgRMSE": 0.013129641474498834, "autoAvgMax": 0.029699283636670404, "markerErrors": [["r_knee", 0.02721762899954122], ["r_calc", 0.026882403100413937], ["r.PSIS", 0.02278049269003162], ["L_knee", 0.022368267219387367], ["R_Shoulder", 0.02171919562302102], ["L_calc", 0.021644085311987915], ["L_wrist_ulna", 0.0216142378686973], ["R_elbow_lat", 0.021580263386470237], ["L.PSIS", 0.017391363387446814], ["L_Shoulder", 0.017163537361963476], ["r.ASIS", 0.016803562801852308], ["R_wrist_ulna", 0.01598736880681067], ["L.ASIS", 0.01550950140217871], ["L_elbow_med", 0.014402520196258747], ["r_5meta", 0.013833355130442709], ["R_elbow_med", 0.013780341416301687], ["L_ankle", 0.012883056163497135], ["r_thigh1", 0.012613464753745933], ["L_Sternum", 0.012059137409486088], ["R_Sternum", 0.011922748689335464], ["L_elbow_lat", 0.01190273260946575], ["R_wrist_radius", 0.011854715683905028], ["r_toe", 0.011420610994738473], ["L_toe", 0.010927728225676284], ["r_thigh5", 0.010709977067019911], ["r_thigh3", 0.010618003115603295], ["r_ankle", 0.010352539200341746], ["L_HJC", 0.00959293071212447], ["R_HJC", 0.009492777493845106], ["r_thigh4", 0.009344971409296712], ["L_thigh4", 0.008867556573026826], ["r_thigh2", 0.008768849759637569], ["L_thigh2", 0.00873808256347425], ["r_shank_antsup", 0.00863731670910624], ["L_sh2", 0.008623455196302357], ["C7", 0.00854845088588632], ["r_sh3", 0.008471371020738042], ["L_thigh1", 0.008451070231199504], ["L_shank_antsup", 0.008215474445392248], ["L_wrist_radius", 0.00769549782738204], ["L_thigh3", 0.007134566399326596], ["L_5meta", 0.006559223612480183], ["r_sh4", 0.006234234742430603], ["L_sh3", 0.0056215637128489045], ["r_sh2", 0.00555561784096054], ["L_humerus", 0.0], ["L_forearm", 0.0], ["L_HJC_reg", 0.0], ["R_humerus", 0.0], ["R_forearm", 0.0], ["R_HJC_reg", 0.0]]}