{"linearResidual": 2.896843369500775, "angularResidual": 10.32825977090313, "numBadDynamicsFrames": 0, "autoAvgRMSE": 0.015875785076404754, "autoAvgMax": 0.039915721584822206, "markerErrors": [["r.ASIS", 0.034932396187022464], ["L_Shoulder", 0.033321966437655164], ["L.ASIS", 0.032817182423152805], ["R_elbow_med", 0.028931965604318308], ["R_Shoulder", 0.0262271186752334], ["R_elbow_lat", 0.025962745148989986], ["r_calc", 0.025022727450724386], ["L_elbow_med", 0.024813287698928925], ["r.PSIS", 0.02252678612811186], ["L_elbow_lat", 0.02191925796074389], ["L.PSIS", 0.01976437782204483], ["L_calc", 0.019038383834814404], ["r_knee", 0.018783757770836153], ["r_thigh1", 0.0176646858577342], ["L_knee", 0.017277024817006374], ["r_thigh2", 0.01525116627718142], ["L_thigh1", 0.015189970705848438], ["L_thigh2", 0.014807618037513529], ["r_thigh4", 0.013827726989190206], ["C7", 0.013467711909265403], ["L_thigh3", 0.012914570751438013], ["r_5meta", 0.012348329275772304], ["r_thigh5", 0.011670141041499422], ["r_sh4", 0.011128639134749414], ["L_sh3", 0.011036831371344837], ["L_Sternum", 0.010720319330938463], ["L_sh2", 0.010555967101844924], ["R_Sternum", 0.010498314691479726], ["L_shank_antsup", 0.010426440352417953], ["r_sh3", 0.010381842550750538], ["L_ankle", 0.010174848903685616], ["L_thigh4", 0.009704160033455776], ["L_HJC", 0.009573302368484573], ["r_toe", 0.0095714407099331], ["r_shank_antsup", 0.009565715437718376], ["R_HJC", 0.009512857392985168], ["r_thigh3", 0.009351949624921287], ["L_5meta", 0.009307080744151857], ["r_ankle", 0.009051026141363766], ["r_sh2", 0.008873793951317792], ["L_toe", 0.008624828217204904], ["R_wrist_radius", 0.0085710025323121], ["L_wrist_ulna", 0.006189896602386449], ["R_wrist_ulna", 0.0058949648945573726], ["L_wrist_radius", 0.005508819216848241], ["R_HJC_reg", 0.0], ["R_forearm", 0.0], ["L_humerus", 0.0], ["R_humerus", 0.0], ["L_forearm", 0.0], ["L_HJC_reg", 0.0]]}