{"linearResidual": 1.1696070085677435, "angularResidual": 8.156277656488987, "numBadDynamicsFrames": 0, "autoAvgRMSE": 0.016255338072155772, "autoAvgMax": 0.037602809286816724, "markerErrors": [["R_Shoulder", 0.0351569949845241], ["L_Shoulder", 0.033823938498376026], ["L_Sternum", 0.026322486938586433], ["L_elbow_lat", 0.026303722148917616], ["r.ASIS", 0.024003727934577612], ["R_Sternum", 0.023761052978639344], ["R_elbow_med", 0.021760324041449758], ["r_knee", 0.020792907746360115], ["L_5meta", 0.020740956829545545], ["C7", 0.01953535409921286], ["L_elbow_med", 0.019049299615555102], ["L_thigh2", 0.01865909014472454], ["r_5meta", 0.018411352094636155], ["L_knee", 0.018377158752666857], ["L_toe", 0.018020483338013846], ["L_ankle", 0.01801530865704127], ["r_ankle", 0.017962889216105414], ["L_calc", 0.01791578600437639], ["R_elbow_lat", 0.01697053931387578], ["L_thigh1", 0.01672311114812215], ["L_HJC", 0.01661721321092292], ["r_thigh2", 0.016335960348441453], ["r_calc", 0.01632608830075917], ["L.ASIS", 0.016165669878772], ["R_HJC", 0.015831136329112077], ["L_thigh3", 0.015274503071984292], ["r_sh3", 0.015271262643806825], ["L_thigh4", 0.01497537450649734], ["r_thigh1", 0.014898700675228567], ["r_toe", 0.014565525034176225], ["r_thigh3", 0.014413223383735078], ["r_sh4", 0.014135447065130109], ["L.PSIS", 0.011948214368109054], ["r_thigh5", 0.011699546286403304], ["r_shank_antsup", 0.011653178033996984], ["r_thigh4", 0.01160782321676921], ["r.PSIS", 0.01148876344784158], ["R_wrist_radius", 0.011364610523421139], ["r_sh2", 0.01124869587679777], ["L_sh2", 0.010551977869847358], ["L_shank_antsup", 0.010215270743988097], ["L_sh3", 0.009508876922519345], ["R_wrist_ulna", 0.009384569719857044], ["L_wrist_ulna", 0.008526633304577333], ["L_wrist_radius", 0.007475335664817843], ["L_humerus", 0.0], ["L_HJC_reg", 0.0], ["L_forearm", 0.0], ["R_humerus", 0.0], ["R_forearm", 0.0], ["R_HJC_reg", 0.0]]}