{"linearResidual": 0.9706225739442929, "angularResidual": 8.523902039295642, "numBadDynamicsFrames": 0, "autoAvgRMSE": 0.017055860579737854, "autoAvgMax": 0.04244157727946435, "markerErrors": [["L_Shoulder", 0.04005469557499765], ["L_elbow_lat", 0.03418386107767807], ["R_Shoulder", 0.0328785039413136], ["L.ASIS", 0.03062192269293483], ["R_elbow_med", 0.02778320511265204], ["r.ASIS", 0.02581117057273108], ["C7", 0.02539004902135946], ["L_calc", 0.022085737118075426], ["R_elbow_lat", 0.021304368915503327], ["L.PSIS", 0.020564616054669835], ["r_5meta", 0.018343563354360843], ["L_knee", 0.01782087026694659], ["L_sh2", 0.01751361527798506], ["r_ankle", 0.01681819707496376], ["r_calc", 0.016752972456537764], ["r.PSIS", 0.016734234458413474], ["R_Sternum", 0.016004999526845344], ["L_thigh1", 0.015964717118959592], ["L_5meta", 0.01587877116684419], ["L_thigh2", 0.015845294610700444], ["r_sh3", 0.01566203899475538], ["L_thigh3", 0.015230875528970624], ["L_shank_antsup", 0.01517797367017681], ["L_thigh4", 0.0151553664734511], ["r_toe", 0.014729776235075338], ["L_elbow_med", 0.014443945702979188], ["r_thigh1", 0.014330968625647388], ["L_sh3", 0.013724058202641307], ["R_HJC", 0.013708004353235105], ["r_thigh4", 0.013433676153825942], ["r_sh4", 0.013338281105149617], ["r_thigh2", 0.01293047197595517], ["L_ankle", 0.012643813474134858], ["r_shank_antsup", 0.011833271817957958], ["r_thigh3", 0.011801650473452736], ["r_thigh5", 0.011743154920501408], ["L_toe", 0.011553800646521544], ["r_knee", 0.01151186172647712], ["L_Sternum", 0.01129690501624877], ["L_HJC", 0.011116739446729237], ["r_sh2", 0.011025529169006955], ["L_wrist_ulna", 0.010373453876779697], ["R_wrist_ulna", 0.010257179747118018], ["R_wrist_radius", 0.008534251201591464], ["L_wrist_radius", 0.007235840964135797], ["L_forearm", 0.0], ["L_HJC_reg", 0.0], ["L_humerus", 0.0], ["R_humerus", 0.0], ["R_forearm", 0.0], ["R_HJC_reg", 0.0]]}