{"linearResidual": 27.945911689864488, "angularResidual": 6.51109119756243, "numBadDynamicsFrames": 0, "autoAvgRMSE": 0.01491981286580129, "autoAvgMax": 0.03338620430283027, "markerErrors": [["L_knee", 0.03215655434062666], ["L.ASIS", 0.027309801669029354], ["r_knee", 0.02613871792218169], ["R_Shoulder", 0.02449893279570813], ["r_calc", 0.022742128659557263], ["L_calc", 0.02181572649886829], ["L_thigh4", 0.0210871327493202], ["R_elbow_lat", 0.02006267834889784], ["L_thigh2", 0.019720125211763702], ["L_elbow_lat", 0.01960069897473235], ["r.ASIS", 0.019230060759551585], ["L_Shoulder", 0.018854610904912743], ["L_sh2", 0.01871838965037644], ["L.PSIS", 0.017822605834215972], ["L_thigh1", 0.017752742190682253], ["R_elbow_med", 0.01757573415146658], ["R_Sternum", 0.01610588217991153], ["L_thigh3", 0.01568339229435256], ["L_Sternum", 0.015337480579894239], ["r_ankle", 0.015321657770500836], ["L_sh3", 0.015252894988789848], ["r_thigh4", 0.014742671483067786], ["L_elbow_med", 0.014736289379441827], ["r_thigh5", 0.014681339657933362], ["r_thigh3", 0.01340008440046189], ["r_thigh1", 0.013197445318295666], ["L_ankle", 0.013183179274310787], ["r_sh3", 0.013101053423923209], ["r.PSIS", 0.012333495816306337], ["C7", 0.01220737271567476], ["r_shank_antsup", 0.011657712990407796], ["L_toe", 0.011201985841675234], ["r_thigh2", 0.01088380631739646], ["r_toe", 0.01071923675670072], ["r_sh2", 0.009060661667450854], ["L_shank_antsup", 0.008876072930900961], ["r_sh4", 0.008874226937022018], ["L_5meta", 0.008072353174682387], ["L_HJC", 0.007390700336574241], ["r_5meta", 0.007383013471178898], ["R_HJC", 0.007260798946114839], ["R_wrist_radius", 0.006757022499061525], ["L_wrist_radius", 0.006555025103017319], ["R_wrist_ulna", 0.005832349256724066], ["L_wrist_ulna", 0.005308542691912147], ["R_HJC_reg", 0.0], ["R_forearm", 0.0], ["L_humerus", 0.0], ["L_forearm", 0.0], ["L_HJC_reg", 0.0], ["R_humerus", 0.0]]}