{"linearResidual": 4.829592754886408, "angularResidual": 8.091251568056133, "numBadDynamicsFrames": 0, "autoAvgRMSE": 0.013972082643647112, "autoAvgMax": 0.02927927610651855, "markerErrors": [["R_Shoulder", 0.02625831864712309], ["r_calc", 0.023296680139599502], ["r_knee", 0.022893744835959146], ["L_wrist_ulna", 0.020740232377561105], ["R_wrist_ulna", 0.01983920054621591], ["r_thigh1", 0.01945945638934817], ["r.ASIS", 0.018829267696452878], ["R_elbow_lat", 0.018622310953741065], ["r_5meta", 0.0183115556131921], ["L.PSIS", 0.01816590364926664], ["r_thigh4", 0.017879406323494447], ["L.ASIS", 0.01770920171976165], ["L_knee", 0.016982646466229403], ["L_elbow_lat", 0.016981826246960256], ["r.PSIS", 0.01683786551446356], ["r_thigh2", 0.0158899624390775], ["L_thigh2", 0.01576440524396052], ["L_Shoulder", 0.015709547859353575], ["r_thigh3", 0.014988868258299544], ["r_thigh5", 0.01479682415513752], ["L_thigh1", 0.014531299898243956], ["C7", 0.014316110261958117], ["L_calc", 0.013911863898118118], ["R_Sternum", 0.013829361477602444], ["L_thigh4", 0.013406313788868907], ["L_Sternum", 0.01301249588002602], ["L_ankle", 0.012607453576507638], ["r_shank_antsup", 0.012002713492374303], ["L_toe", 0.011960249282480842], ["L_thigh3", 0.011918171019483198], ["R_HJC", 0.01150839831950971], ["r_sh4", 0.01145297086484278], ["r_ankle", 0.011425909917524504], ["r_toe", 0.011031200119258818], ["r_sh3", 0.010957618800285064], ["L_HJC", 0.010327563013519982], ["L_5meta", 0.010095062547527891], ["L_elbow_med", 0.010023460499310804], ["r_sh2", 0.009654439849500452], ["R_elbow_med", 0.009383890645650676], ["L_sh2", 0.008654458632924853], ["R_wrist_radius", 0.008442935227646643], ["L_shank_antsup", 0.00783417894835727], ["L_wrist_radius", 0.007473276072819649], ["L_sh3", 0.007159108414462428], ["R_forearm", 0.0], ["L_humerus", 0.0], ["L_forearm", 0.0], ["R_HJC_reg", 0.0], ["L_HJC_reg", 0.0], ["R_humerus", 0.0]]}