{"linearResidual": 5.576726257388362, "angularResidual": 11.004161917444018, "numBadDynamicsFrames": 0, "autoAvgRMSE": 0.01739994408940306, "autoAvgMax": 0.038250078771531575, "markerErrors": [["C7", 0.036501887771536526], ["L.ASIS", 0.03149977853741373], ["L_thigh2", 0.030268911035230897], ["L_thigh4", 0.027393905611836064], ["L_elbow_lat", 0.025646934778290765], ["R_elbow_lat", 0.025353950317088626], ["L_Sternum", 0.025019669781706222], ["R_Sternum", 0.023412780097657297], ["L_thigh1", 0.023269170430414748], ["r.ASIS", 0.02280930595501937], ["L_knee", 0.022637693488765473], ["L_thigh3", 0.021851526586059263], ["r_knee", 0.021339140873431157], ["R_Shoulder", 0.02133603206399401], ["R_elbow_med", 0.01945433750836984], ["r_thigh3", 0.01889591081148407], ["L_sh2", 0.018793214894162944], ["L_Shoulder", 0.018651647090057347], ["r_thigh5", 0.01852714016713816], ["r_5meta", 0.017948954216171056], ["L_calc", 0.017890692669373747], ["r_calc", 0.017438428963046666], ["L_sh3", 0.017272774511729882], ["r_thigh2", 0.01681671679064464], ["L_5meta", 0.016738559918613952], ["L_elbow_med", 0.01658822403837167], ["r_thigh1", 0.016361721605662103], ["L.PSIS", 0.016344198096456344], ["r.PSIS", 0.015514750554075427], ["r_sh3", 0.015507185215516986], ["r_thigh4", 0.015346312864905365], ["r_ankle", 0.014763727622921934], ["r_sh4", 0.014167972949318052], ["r_shank_antsup", 0.01372753621301539], ["L_HJC", 0.01302962060278226], ["L_ankle", 0.01276241852776464], ["r_sh2", 0.011820595981277023], ["R_HJC", 0.01179106117144059], ["L_toe", 0.010450096142493436], ["L_shank_antsup", 0.010234234108712763], ["r_toe", 0.00978802875534677], ["R_wrist_radius", 0.009555231984464736], ["R_wrist_ulna", 0.008933300481400513], ["L_wrist_radius", 0.00881874665681932], ["L_wrist_ulna", 0.008361997111392598], ["R_humerus", 0.0], ["R_forearm", 0.0], ["R_HJC_reg", 0.0], ["L_humerus", 0.0], ["L_forearm", 0.0], ["L_HJC_reg", 0.0]]}