{"linearResidual": 5.298692104942652, "angularResidual": 9.212146630566853, "numBadDynamicsFrames": 0, "autoAvgRMSE": 0.01774584527640616, "autoAvgMax": 0.037926459869059875, "markerErrors": [["C7", 0.035070127488369546], ["L.ASIS", 0.03303569216428548], ["R_elbow_lat", 0.03105359418243742], ["L_elbow_lat", 0.03059715454809362], ["R_Shoulder", 0.029767051612183335], ["L_thigh2", 0.027058732682462432], ["r_5meta", 0.025844516830436152], ["L_Sternum", 0.025497672404376892], ["L_thigh4", 0.02383253778874887], ["R_Sternum", 0.023017800434424356], ["r.ASIS", 0.022064568993036365], ["L_knee", 0.0218367205523179], ["r_calc", 0.02025397372430799], ["L_thigh1", 0.019925338101880064], ["L_thigh3", 0.01874972694749222], ["L_sh2", 0.0186561804628205], ["L.PSIS", 0.01772755604775076], ["r_knee", 0.01768290512524235], ["r.PSIS", 0.017638473250459925], ["L_sh3", 0.017500516811084197], ["L_Shoulder", 0.017498528522636836], ["r_thigh3", 0.016989427930237142], ["R_elbow_med", 0.01621157748132216], ["r_thigh5", 0.016045843256658445], ["r_thigh2", 0.015734907095928143], ["r_ankle", 0.015531315414204706], ["r_thigh1", 0.014687233001544672], ["L_calc", 0.014504924338008363], ["L_elbow_med", 0.014095110661762495], ["r_thigh4", 0.014025758661291746], ["L_5meta", 0.013975762113550914], ["r_sh3", 0.013504019155909814], ["r_sh4", 0.012777225404199144], ["R_HJC", 0.012362673166307726], ["r_shank_antsup", 0.012046917536615418], ["L_HJC", 0.011460309680701322], ["R_wrist_radius", 0.010794786745329485], ["L_ankle", 0.010706275390659681], ["r_sh2", 0.010322561010427646], ["L_toe", 0.009583010438183402], ["r_toe", 0.008994944681375128], ["R_wrist_ulna", 0.008219648634878361], ["L_shank_antsup", 0.008179842521028905], ["L_wrist_radius", 0.007226665936617616], ["L_wrist_ulna", 0.006627273256697798], ["R_HJC_reg", 0.0], ["L_humerus", 0.0], ["L_forearm", 0.0], ["R_forearm", 0.0], ["L_HJC_reg", 0.0], ["R_humerus", 0.0]]}