{"linearResidual": 3.7332816502120174, "angularResidual": 5.914931991051235, "numBadDynamicsFrames": 0, "autoAvgRMSE": 0.014456540965952808, "autoAvgMax": 0.034021301340371554, "markerErrors": [["r_calc", 0.03390320598080552], ["L_calc", 0.028286616939675425], ["r_knee", 0.025323455489543054], ["L_Sternum", 0.024724595354441534], ["R_Sternum", 0.023711174864138092], ["r.ASIS", 0.022233602771903657], ["R_elbow_med", 0.02110459019280651], ["R_Shoulder", 0.018816752893248818], ["L_knee", 0.018805209379235386], ["r_thigh1", 0.017871825731005785], ["r_5meta", 0.01746177258435387], ["L.ASIS", 0.01698671602887104], ["L_Shoulder", 0.016344230836914997], ["L_thigh3", 0.016081358834856837], ["r_ankle", 0.015775394072259332], ["L_elbow_med", 0.01537474813296137], ["C7", 0.014961252701313864], ["r_sh3", 0.014898214503235746], ["L_thigh1", 0.014822141515448013], ["r_thigh4", 0.014646375208386643], ["L_elbow_lat", 0.01463913198844835], ["r_thigh5", 0.014083604956972227], ["L_thigh4", 0.013464427782691472], ["r_thigh3", 0.013220651119810491], ["L_thigh2", 0.012993332977539308], ["r_thigh2", 0.012704642659028417], ["R_elbow_lat", 0.01210357853263749], ["r_toe", 0.01134253314941898], ["r_sh4", 0.010978718907598108], ["L.PSIS", 0.010853149896450996], ["L_sh2", 0.010638983414288638], ["L_ankle", 0.010294446911560689], ["R_HJC", 0.010286299449982545], ["L_HJC", 0.010225796312532407], ["L_toe", 0.009143505363005342], ["r.PSIS", 0.009077874448973372], ["L_5meta", 0.008881662138421731], ["L_shank_antsup", 0.008518882305821159], ["r_shank_antsup", 0.008435702675786671], ["R_wrist_ulna", 0.007677488206874011], ["L_wrist_ulna", 0.0073505177413544474], ["L_wrist_radius", 0.006424006470005236], ["L_sh3", 0.006344603235826524], ["R_wrist_radius", 0.0060319462704470465], ["r_sh2", 0.005579280441634668], ["R_HJC_reg", 0.0], ["L_HJC_reg", 0.0], ["L_forearm", 0.0], ["R_forearm", 0.0], ["L_humerus", 0.0], ["R_humerus", 0.0]]}