{"linearResidual": 4.3169497985517005, "angularResidual": 9.138192200675073, "numBadDynamicsFrames": 0, "autoAvgRMSE": 0.018152391776347313, "autoAvgMax": 0.04590049312838142, "markerErrors": [["L.PSIS", 0.0423313902458872], ["r.PSIS", 0.040940459570471176], ["L_Shoulder", 0.03997162747563601], ["R_elbow_med", 0.03865675859183136], ["L_elbow_lat", 0.0348461591502642], ["R_Shoulder", 0.028902284480950544], ["R_elbow_lat", 0.025558681212338], ["L.ASIS", 0.022182995093104594], ["R_wrist_radius", 0.018028204554128745], ["r_toe", 0.017721817692419393], ["R_Sternum", 0.017635024340803218], ["L_Sternum", 0.01762329248790577], ["L_toe", 0.017473720948705355], ["R_HJC", 0.01741652778723352], ["r_calc", 0.01694413368442508], ["r.ASIS", 0.016772361099215122], ["C7", 0.01668256839533527], ["L_5meta", 0.016470369713315447], ["r_ankle", 0.016400201841828686], ["L_sh2", 0.015840602268942617], ["r_5meta", 0.015449102245788021], ["L_thigh1", 0.015235189442119683], ["L_knee", 0.015044027898198076], ["L_thigh4", 0.014914219539208842], ["L_calc", 0.014694553863341361], ["R_wrist_ulna", 0.014466710359762746], ["L_thigh3", 0.01407714515432246], ["L_ankle", 0.013712606283599637], ["r_knee", 0.013128594571234236], ["L_HJC", 0.01301905375670696], ["L_sh3", 0.012861400046879745], ["L_thigh2", 0.012320824678447665], ["r_sh3", 0.011836048056131438], ["r_thigh1", 0.01145620296505051], ["r_sh4", 0.011160460853758216], ["L_elbow_med", 0.010954361536534458], ["r_thigh4", 0.010131643116531152], ["r_thigh2", 0.009805832100561481], ["r_thigh5", 0.008964736753183633], ["L_wrist_ulna", 0.008767749528394457], ["L_shank_antsup", 0.008646409856685447], ["L_wrist_radius", 0.008103393179273975], ["r_sh2", 0.0075459725244776425], ["r_thigh3", 0.007368561474312544], ["r_shank_antsup", 0.007273884026450883], ["R_humerus", 0.0], ["R_forearm", 0.0], ["L_HJC_reg", 0.0], ["R_HJC_reg", 0.0], ["L_humerus", 0.0], ["L_forearm", 0.0]]}