{"linearResidual": 3.838034163589284, "angularResidual": 6.7948900042977725, "numBadDynamicsFrames": 0, "autoAvgRMSE": 0.017166082601645094, "autoAvgMax": 0.040755118791613115, "markerErrors": [["L_Shoulder", 0.040115072861497784], ["L.PSIS", 0.03767446094397841], ["R_elbow_med", 0.03703887971846618], ["r.PSIS", 0.03217628880534059], ["L_elbow_lat", 0.03211300634817], ["R_Shoulder", 0.029257836397870576], ["R_elbow_lat", 0.025995539529317168], ["L_5meta", 0.02081499025829159], ["L_Sternum", 0.01929528623586563], ["R_Sternum", 0.01786823857794159], ["r_ankle", 0.017622473723567046], ["R_wrist_radius", 0.017035741477341777], ["r_toe", 0.016714398234365095], ["L_thigh4", 0.01659583281074383], ["L_thigh1", 0.01611434608099633], ["L_thigh3", 0.015818108514900932], ["r_calc", 0.015746505411185184], ["L_thigh2", 0.015262469961168994], ["L_knee", 0.015136728652164026], ["L_calc", 0.014844084249539013], ["r_5meta", 0.014804627391139134], ["C7", 0.014288531194869704], ["L_HJC", 0.014181426692495879], ["L_sh2", 0.013945466494425745], ["r_knee", 0.013522039142877564], ["r_thigh1", 0.013152338235001655], ["L_ankle", 0.013022240409086255], ["L_sh3", 0.012900538953999076], ["r_thigh2", 0.012773945021826712], ["R_HJC", 0.012529505246497498], ["L_toe", 0.012275014449524882], ["r_sh3", 0.012115322457899919], ["r_sh4", 0.01180145154615057], ["R_wrist_ulna", 0.011708571667036623], ["L.ASIS", 0.011388374630117932], ["L_elbow_med", 0.010935402368366076], ["r.ASIS", 0.010839640406981042], ["L_wrist_radius", 0.009819051565177088], ["r_thigh3", 0.008959658170907008], ["r_thigh5", 0.008943483767165632], ["L_shank_antsup", 0.008914207728111665], ["r_thigh4", 0.008896008376303097], ["r_shank_antsup", 0.007202894149445035], ["L_wrist_ulna", 0.006865724083994629], ["r_sh2", 0.006829582231769623], ["L_forearm", 0.0], ["L_HJC_reg", 0.0], ["R_HJC_reg", 0.0], ["L_humerus", 0.0], ["R_humerus", 0.0], ["R_forearm", 0.0]]}