{"linearResidual": 1.2182756734530626, "angularResidual": 10.330602910421568, "numBadDynamicsFrames": 0, "autoAvgRMSE": 0.016190612931215768, "autoAvgMax": 0.045030761078974094, "markerErrors": [["r.ASIS", 0.04262203132891025], ["L_Shoulder", 0.03991175376423394], ["L.ASIS", 0.03482802321318107], ["L_elbow_med", 0.03143029487104665], ["R_elbow_lat", 0.02709197187014445], ["r_calc", 0.025355644677689356], ["r.PSIS", 0.02475463470370094], ["L_elbow_lat", 0.021937849400743104], ["r_thigh1", 0.021279837325946082], ["R_elbow_med", 0.01953661463389427], ["L.PSIS", 0.01910348690480535], ["r_knee", 0.018764411945162738], ["L_calc", 0.017352081912771083], ["L_knee", 0.016596498833828147], ["R_Shoulder", 0.0165267690779179], ["r_thigh4", 0.015790777411320532], ["r_thigh2", 0.01542974256347393], ["L_thigh2", 0.011931946267405428], ["r_sh4", 0.011665393878501065], ["r_thigh5", 0.01163980423946066], ["R_Sternum", 0.011481085212747271], ["L_thigh3", 0.011257003842307699], ["r_5meta", 0.010842294772242106], ["L_thigh1", 0.010663118958567653], ["C7", 0.010419684785589219], ["R_HJC", 0.010400973287951943], ["L_Sternum", 0.010310113730730217], ["r_sh3", 0.010056081196064343], ["L_ankle", 0.009991704731006072], ["L_thigh4", 0.009764834633502471], ["r_shank_antsup", 0.009656356173295955], ["L_shank_antsup", 0.00951634827737611], ["r_sh2", 0.009298014967299083], ["L_HJC", 0.0089688951753787], ["r_thigh3", 0.008774978852194823], ["L_sh3", 0.008552129408835306], ["L_sh2", 0.008494137786504164], ["r_ankle", 0.007674950110375705], ["R_wrist_radius", 0.007496026589903844], ["L_toe", 0.0071669912951176475], ["L_5meta", 0.00685904565996008], ["r_toe", 0.006693686808121903], ["L_wrist_radius", 0.004908416791146554], ["R_wrist_ulna", 0.004625932698280851], ["L_wrist_ulna", 0.004268261665261703], ["L_forearm", 0.0], ["L_humerus", 0.0], ["R_humerus", 0.0], ["L_HJC_reg", 0.0], ["R_forearm", 0.0], ["R_HJC_reg", 0.0]]}