{"linearResidual": 1.7656436086209626, "angularResidual": 5.024383501313196, "numBadDynamicsFrames": 0, "autoAvgRMSE": 0.018290403634756775, "autoAvgMax": 0.045185297322355156, "markerErrors": [["R_elbow_med", 0.0427474988337161], ["L_elbow_lat", 0.0423111388699247], ["L_elbow_med", 0.04158576131905635], ["L_knee", 0.03824009297980709], ["r_knee", 0.034293626200979636], ["L_calc", 0.02957773339299726], ["R_elbow_lat", 0.029338857070901732], ["r_calc", 0.025315246397321974], ["R_Sternum", 0.024190226841601905], ["r.ASIS", 0.023921862963473615], ["L_Sternum", 0.023251247926807533], ["L.ASIS", 0.022868139253350035], ["L_Shoulder", 0.020598501482558748], ["C7", 0.019740105971424254], ["L_sh2", 0.018171401402891967], ["L_shank_antsup", 0.017634032910020348], ["L_ankle", 0.015362498937376543], ["R_wrist_ulna", 0.014764058398995156], ["L_wrist_ulna", 0.014619735843150726], ["r_ankle", 0.014506218615262004], ["R_Shoulder", 0.013815460911473622], ["r.PSIS", 0.012924538661987284], ["L_sh3", 0.012226747240008946], ["L.PSIS", 0.011480108011919721], ["L_thigh3", 0.010949524493483773], ["L_HJC", 0.01064652439329981], ["r_thigh1", 0.010565245899536], ["r_thigh2", 0.010475500628411797], ["r_thigh3", 0.010281593940853545], ["r_sh3", 0.010019214314693369], ["R_wrist_radius", 0.009822689119804981], ["L_thigh2", 0.009762799028841572], ["L_thigh1", 0.009750341278656772], ["r_thigh4", 0.009437686529214178], ["L_thigh4", 0.00924620083658936], ["r_thigh5", 0.009009473087016643], ["R_HJC", 0.008984113909005643], ["L_5meta", 0.007618484270890154], ["r_toe", 0.007159353794311544], ["r_shank_antsup", 0.0070941754562815935], ["L_wrist_radius", 0.007066939756365506], ["r_sh4", 0.0069715643915385025], ["L_toe", 0.006912617641784693], ["r_5meta", 0.006321609602192398], ["r_sh2", 0.004695960658013288], ["R_humerus", 0.0], ["R_forearm", 0.0], ["R_HJC_reg", 0.0], ["L_humerus", 0.0], ["L_forearm", 0.0], ["L_HJC_reg", 0.0]]}