{"linearResidual": 137.16449837178152, "angularResidual": 53.575947795903744, "numBadDynamicsFrames": 0, "autoAvgRMSE": 0.0188540343299567, "autoAvgMax": 0.04171504245672811, "markerErrors": [["R_Shoulder", 0.0344287009586121], ["R_elbow_med", 0.03432320710439741], ["L_Shoulder", 0.033522757154488464], ["L_knee", 0.030922554585227285], ["L_elbow_lat", 0.028033376079486878], ["r_knee", 0.02700427417424721], ["L.PSIS", 0.026513972404964607], ["L_thigh1", 0.026138057303359222], ["L_elbow_med", 0.02600325487109941], ["r.PSIS", 0.025031066306151175], ["R_elbow_lat", 0.024246369368839747], ["L_Sternum", 0.02420417920380873], ["r.ASIS", 0.02370991425328], ["R_HJC", 0.022545023151935482], ["L_HJC", 0.022516372589323177], ["L_thigh3", 0.02175183028182139], ["L_thigh2", 0.021606755550831153], ["r_thigh3", 0.02078059344352201], ["r_thigh1", 0.020617378075448764], ["r_thigh4", 0.02055610474014499], ["r_thigh5", 0.020194747566446382], ["R_Sternum", 0.01995236083885634], ["L.ASIS", 0.01972831904865672], ["L_thigh4", 0.01955768275939533], ["r_thigh2", 0.019194908194106904], ["L_wrist_ulna", 0.018153917156680306], ["L_wrist_radius", 0.018060736601916906], ["C7", 0.016489883126814778], ["R_wrist_ulna", 0.01631322082795794], ["L_shank_antsup", 0.015195955645295384], ["r_calc", 0.0151511595235935], ["L_sh2", 0.013803292230283568], ["r_toe", 0.01359778498634245], ["L_toe", 0.012994205474579868], ["r_shank_antsup", 0.01251254274659721], ["R_wrist_radius", 0.012294725009844737], ["L_sh3", 0.012265612540832338], ["r_ankle", 0.011607952871045856], ["L_calc", 0.01073439729684083], ["r_sh3", 0.010185625774211187], ["r_5meta", 0.009881416669703222], ["L_ankle", 0.009634053084396018], ["L_5meta", 0.009250093911209296], ["r_sh2", 0.008212756115213611], ["r_sh4", 0.00761462249609893], ["R_forearm", 0.0], ["L_forearm", 0.0], ["L_humerus", 0.0], ["L_HJC_reg", 0.0], ["R_HJC_reg", 0.0], ["R_humerus", 0.0]]}