{"linearResidual": 2.871617025658825, "angularResidual": 6.05413199591988, "numBadDynamicsFrames": 0, "autoAvgRMSE": 0.017533407043015557, "autoAvgMax": 0.041683518030290696, "markerErrors": [["R_elbow_med", 0.04012477357552029], ["L_Shoulder", 0.03916820469481121], ["L.PSIS", 0.03564331247021423], ["L_elbow_lat", 0.03274224910605942], ["r.PSIS", 0.030746448310897744], ["R_Shoulder", 0.029716176965227208], ["R_elbow_lat", 0.02872288595755149], ["L_5meta", 0.024106639945576484], ["L_Sternum", 0.020613553381666382], ["R_Sternum", 0.020038733674628266], ["r_toe", 0.01777931155858208], ["r_ankle", 0.017563869336186453], ["L_calc", 0.017429819078126404], ["C7", 0.01706422706824209], ["L_thigh1", 0.016913067136148745], ["L_thigh4", 0.01624016796921678], ["L_thigh3", 0.015968069247090263], ["r_calc", 0.015750127963241174], ["L_ankle", 0.015598754545211896], ["L_thigh2", 0.015397449966408584], ["R_wrist_radius", 0.015204964768926072], ["L_knee", 0.014760222071849068], ["r_knee", 0.014737742266547317], ["r_5meta", 0.013895239237775714], ["L_sh2", 0.013726027537722786], ["r_thigh2", 0.013584070843851988], ["r_thigh1", 0.01354617526678999], ["r_sh3", 0.013235738816476387], ["R_HJC", 0.013099707825817139], ["r_sh4", 0.012642640067064786], ["L_sh3", 0.012289465493916258], ["L_toe", 0.012267122404037054], ["L_HJC", 0.011822811927913937], ["R_wrist_ulna", 0.011334998943142787], ["L.ASIS", 0.01078520546977678], ["L_elbow_med", 0.01027806695304905], ["r_thigh3", 0.01016095998202394], ["L_shank_antsup", 0.00955894153410166], ["L_wrist_radius", 0.009474596667593647], ["r_thigh5", 0.009278916239728648], ["r_thigh4", 0.009255845965486023], ["L_wrist_ulna", 0.008027166138489774], ["r_shank_antsup", 0.007761133030523027], ["r.ASIS", 0.007694958651681972], ["r_sh2", 0.007197793009930958], ["L_forearm", 0.0], ["L_HJC_reg", 0.0], ["L_humerus", 0.0], ["R_humerus", 0.0], ["R_forearm", 0.0], ["R_HJC_reg", 0.0]]}