{"linearResidual": 1.2448146617830436, "angularResidual": 4.102975316843671, "numBadDynamicsFrames": 0, "autoAvgRMSE": 0.017138456145662423, "autoAvgMax": 0.04457931995417888, "markerErrors": [["L_elbow_lat", 0.04380854725181748], ["L_elbow_med", 0.04374150505476034], ["R_elbow_med", 0.03717796525295322], ["L_knee", 0.03678449486428263], ["r_knee", 0.03367446753405461], ["L_Sternum", 0.026869665697099497], ["R_elbow_lat", 0.02600103252437407], ["R_Sternum", 0.025212005607504997], ["r_calc", 0.024948983013068415], ["r.ASIS", 0.019413526469700695], ["L_calc", 0.018447225977076067], ["L_Shoulder", 0.018303419089736896], ["C7", 0.017289124251326258], ["L.ASIS", 0.01706188657260204], ["r_ankle", 0.01652443699237031], ["L_wrist_ulna", 0.014689569103397694], ["R_wrist_radius", 0.013357135142143128], ["R_wrist_ulna", 0.013334292680120059], ["r_sh3", 0.011925871807410657], ["L_HJC", 0.011790225892403364], ["R_Shoulder", 0.011641524248222984], ["L_thigh3", 0.011262259844034029], ["L_shank_antsup", 0.010969489036762956], ["L_sh2", 0.010899978044960016], ["r.PSIS", 0.010831829075437267], ["L_ankle", 0.010558774094323499], ["L_thigh4", 0.01003967824983915], ["L_thigh1", 0.009949964542906318], ["L.PSIS", 0.009082927711453033], ["r_shank_antsup", 0.008942357158950951], ["r_sh4", 0.008906765009191566], ["r_thigh1", 0.008425351873110307], ["r_thigh4", 0.008357746993327623], ["L_thigh2", 0.008193141310187176], ["r_toe", 0.007973051072602915], ["r_thigh3", 0.007818194845524469], ["r_thigh2", 0.007522652821413906], ["L_sh3", 0.007474581638414429], ["L_5meta", 0.007378145579211253], ["R_HJC", 0.007358104602882919], ["r_thigh5", 0.007108509065954455], ["L_toe", 0.0068910324737122535], ["r_sh2", 0.006067134107822243], ["L_wrist_radius", 0.005811674518538564], ["r_5meta", 0.005799974732068544], ["R_humerus", 0.0], ["R_forearm", 0.0], ["R_HJC_reg", 0.0], ["L_humerus", 0.0], ["L_forearm", 0.0], ["L_HJC_reg", 0.0]]}