{"linearResidual": 5.983365716744752, "angularResidual": 18.21357207074095, "numBadDynamicsFrames": 0, "autoAvgRMSE": 0.014727113937908279, "autoAvgMax": 0.0366732151119356, "markerErrors": [["RMT5", 0.03535300050100927], ["LMT5", 0.03165206138821319], ["C7", 0.02600088644073015], ["LTH3", 0.01837561850801775], ["LTH2", 0.018223557238598004], ["RTOE", 0.0178531397368352], ["RTH3", 0.017258487687991084], ["RMEL", 0.016078676704668397], ["RPSI", 0.01549117615829309], ["RTH2", 0.015007560617282437], ["RUA2", 0.014983181613505652], ["LTOE", 0.014757424427086406], ["LUA1", 0.01458044889771918], ["LACR", 0.014473699769526966], ["RUA1", 0.01408400928702527], ["LUA2", 0.014071215511377121], ["LMEL", 0.013437088436772833], ["RACR", 0.013295032344339234], ["RUA3", 0.01276582243580754], ["LPSI", 0.012704672068856648], ["RCAL", 0.012704626177052543], ["LCAL", 0.012490518122200773], ["LUA3", 0.012295864767267996], ["LTH1", 0.011792578567658946], ["RTB1", 0.011596358386976782], ["CLAV", 0.011220772046471572], ["RLEL", 0.011140549234271721], ["RTH1", 0.010981492318511539], ["RFAradius", 0.010769241987398533], ["LFAradius", 0.010632279662409353], ["LASI", 0.010437576643310378], ["RTB3", 0.010347985053237646], ["LTB1", 0.009951511677605298], ["RTB2", 0.00986827632254822], ["LLEL", 0.009694285299399929], ["LTB2", 0.009488424199053543], ["RASI", 0.00930970144827018], ["LFAulna", 0.00908814488736089], ["LFAsuperior", 0.008233767468179685], ["LTB3", 0.007744000368300967], ["RFAsuperior", 0.007668323951511588], ["RFAulna", 0.006840132366101672]]}