{"linearResidual": 1.379697019860543, "angularResidual": 8.079344737833578, "numBadDynamicsFrames": 0, "autoAvgRMSE": 0.017123168344326534, "autoAvgMax": 0.03917096908534285, "markerErrors": [["r_calc", 0.03284660411113958], ["L.ASIS", 0.026986818014663173], ["L_calc", 0.026878448082036543], ["r_thigh1", 0.026134574430204293], ["R_elbow_med", 0.026009080411396712], ["r_thigh2", 0.025368968308982054], ["r.ASIS", 0.025004921331672356], ["C7", 0.02443001313469469], ["r_thigh4", 0.02431736788330801], ["r_knee", 0.02215045770344194], ["R_elbow_lat", 0.0221418584732009], ["R_Shoulder", 0.021893608047326086], ["L_thigh3", 0.021652717929493692], ["r_thigh3", 0.02108113483197765], ["R_HJC", 0.020039683867123733], ["L_elbow_lat", 0.019892011977135346], ["L_Shoulder", 0.019457541527432353], ["r_thigh5", 0.01865164344287154], ["r_5meta", 0.018480464941121617], ["r_ankle", 0.01809977822891749], ["L_HJC", 0.017633732384246124], ["L_thigh4", 0.016571849520881535], ["L_thigh1", 0.016448069769101605], ["L_knee", 0.016301789777291076], ["L_thigh2", 0.016256583049537924], ["L_Sternum", 0.015927912994166325], ["R_Sternum", 0.015636970058237828], ["r_shank_antsup", 0.015179173961563371], ["L_5meta", 0.014405114610084077], ["L_ankle", 0.014078955247994912], ["L_shank_antsup", 0.013818140480361124], ["r_toe", 0.013239642986857232], ["r_sh2", 0.013017717398324049], ["L_toe", 0.012404060579543347], ["L_sh2", 0.012108231877693582], ["r_sh3", 0.011846976537775817], ["L_sh3", 0.011695582385872214], ["r.PSIS", 0.010499955330310767], ["L.PSIS", 0.009758982043131767], ["r_sh4", 0.009657460723863047], ["R_wrist_ulna", 0.008874968814841037], ["L_elbow_med", 0.008468026475051528], ["R_wrist_radius", 0.00754151176741198], ["L_wrist_ulna", 0.004788065192347544], ["L_wrist_radius", 0.004190403983921304], ["R_humerus", 0.0], ["R_forearm", 0.0], ["L_forearm", 0.0], ["L_HJC_reg", 0.0], ["R_HJC_reg", 0.0], ["L_humerus", 0.0]]}