{"linearResidual": 7.289233371208581, "angularResidual": 38.09979961704898, "numBadDynamicsFrames": 0, "autoAvgRMSE": 0.015044409810456568, "autoAvgMax": 0.03935866548520042, "markerErrors": [["C7", 0.03907406308166948], ["R_Sternum", 0.027134223682189897], ["L_knee", 0.026756415466664702], ["L_Sternum", 0.025466917602156046], ["r.ASIS", 0.025374790367564005], ["L.ASIS", 0.023913759579926065], ["r_knee", 0.022877907317165838], ["L_elbow_lat", 0.022222413254676027], ["L_Shoulder", 0.020274496253076136], ["R_Shoulder", 0.0194385937788394], ["r_thigh1", 0.0178367474832825], ["r_thigh3", 0.016819147234326988], ["r_thigh4", 0.01660272437363155], ["r_thigh2", 0.01630716305610972], ["R_elbow_med", 0.015948348989757388], ["R_elbow_lat", 0.015865897114690653], ["L_sh2", 0.015307760738562578], ["r_thigh5", 0.015234928798211455], ["r_calc", 0.014977708106696954], ["L_ankle", 0.014554549123450123], ["L_calc", 0.013808034333165815], ["L_thigh3", 0.013756670928117894], ["r_ankle", 0.013641822286220049], ["L_elbow_med", 0.013441609322650786], ["r_toe", 0.01325198094165061], ["L_5meta", 0.01253830634933824], ["L_toe", 0.01216772655806703], ["L_thigh1", 0.011881165352817859], ["L_thigh4", 0.011528681294012789], ["L_thigh2", 0.011340618181248915], ["L_sh3", 0.010800828646971398], ["L_HJC", 0.009236183070207907], ["L_wrist_ulna", 0.008807811041377785], ["r_sh4", 0.00877779886247902], ["r_5meta", 0.008673820776206466], ["R_wrist_ulna", 0.008460360466069463], ["L_shank_antsup", 0.008016646268844308], ["L.PSIS", 0.007959446349130574], ["r_sh3", 0.00789308775566789], ["R_wrist_radius", 0.007873596526974344], ["R_HJC", 0.0075774204656175615], ["L_wrist_radius", 0.007531153630749531], ["r_sh2", 0.007138260192392618], ["r_shank_antsup", 0.007055726997985412], ["r.PSIS", 0.006077483489536924], ["R_humerus", 0.0], ["R_forearm", 0.0], ["L_humerus", 0.0], ["L_forearm", 0.0], ["L_HJC_reg", 0.0], ["R_HJC_reg", 0.0]]}