{"linearResidual": 5.038015049092158, "angularResidual": 20.27416693925611, "numBadDynamicsFrames": 0, "autoAvgRMSE": 0.013703673631630584, "autoAvgMax": 0.030152385827165302, "markerErrors": [["C7", 0.025483861560717243], ["RACR", 0.02435233214397732], ["RTOE", 0.022271693169849695], ["RTH3", 0.02201416865502981], ["RMT5", 0.020309274869299378], ["RTH2", 0.019025908196056093], ["CLAV", 0.018934886730734558], ["RMMAL", 0.01874207296528376], ["RTB1", 0.01844938984973812], ["LACR", 0.018390904688715504], ["LMT5", 0.01728910132065905], ["LTH3", 0.01643337789455115], ["RTB2", 0.01526070453578682], ["LPSH", 0.014692372617392807], ["LTOE", 0.014298844776055078], ["LTB1", 0.014265097195823013], ["RLMAL", 0.01396438312520015], ["LTH2", 0.013954724054251662], ["LASI", 0.013817797635506944], ["RTH1", 0.01333859690892147], ["LTB2", 0.013064958528777695], ["RMEL", 0.011871946467458728], ["RCAL", 0.011331835737913675], ["LUA1", 0.011212462938504876], ["RPSI", 0.010078811244854812], ["RUA1", 0.00998234140322905], ["LTH1", 0.009699911906154863], ["LCAL", 0.009504963249875343], ["RASI", 0.009452474948021762], ["RFAulna", 0.009305865243075757], ["RLEL", 0.009030024251199526], ["LMEL", 0.008980040937394414], ["LTB3", 0.008454218224727382], ["RUA2", 0.00830092102097787], ["RUA3", 0.008258382590685735], ["LLEL", 0.008255481937705532], ["LPSI", 0.00814766278103643], ["LUA3", 0.007947752773973771], ["LUA2", 0.00781455814231628], ["RFAsuperior", 0.007730573639848275], ["RFAradius", 0.007426373396532125], ["LFAulna", 0.007267598675129536], ["LFAradius", 0.006999066921761533], ["RTB3", 0.006987819833684352], ["LFAsuperior", 0.006288217617014795]]}