{"linearResidual": 4.816335753859764, "angularResidual": 19.0090023482188, "numBadDynamicsFrames": 0, "autoAvgRMSE": 0.01273391780070158, "autoAvgMax": 0.030881288697153415, "markerErrors": [["C7", 0.028180427334857386], ["LMT5", 0.026946909169892428], ["CLAV", 0.021656486009251893], ["RACR", 0.01864170354205786], ["LTOE", 0.017982033304638195], ["RASI", 0.017670084202336175], ["LPSI", 0.016756445683317554], ["LACR", 0.01618783637154986], ["LTH3", 0.015105283368337946], ["RMT5", 0.015066484308588864], ["LASI", 0.014190496136505616], ["LTH1", 0.014119333245129451], ["RLEL", 0.012783310930201396], ["LTB1", 0.012544808924258796], ["RTH3", 0.012409164135845287], ["RTH1", 0.011976103168303599], ["RPSI", 0.011358151229663748], ["LCAL", 0.011017739461301268], ["RMEL", 0.010766681630530368], ["LTB2", 0.010604086163792685], ["RTH2", 0.010025421590311428], ["LTH2", 0.009846710178243226], ["RTOE", 0.009636050365204468], ["RUA1", 0.009414964853466892], ["LLEL", 0.00925131269578059], ["RTB2", 0.00917695122806314], ["RCAL", 0.008970837863088957], ["LUA1", 0.008844387667937185], ["RFAradius", 0.008832517979010236], ["LTB3", 0.008732903828009128], ["LMEL", 0.008652153569008676], ["RTB1", 0.008093278718562736], ["RTB3", 0.0076679168872014125], ["RUA2", 0.006890493152438592], ["RFAulna", 0.006875864148780907], ["RUA3", 0.006856304456471244], ["LUA3", 0.0067121269441370035], ["LUA2", 0.006445024083004168], ["LFAsuperior", 0.006086990398619348], ["RFAsuperior", 0.00599931581101618], ["LFAradius", 0.005373513426399731], ["LFAulna", 0.004991834932221753]]}