{"linearResidual": 1.3338850151469395, "angularResidual": 5.7070037741080055, "numBadDynamicsFrames": 0, "autoAvgRMSE": 0.016247828072934633, "autoAvgMax": 0.034109500210990316, "markerErrors": [["r_calc", 0.028097087166836055], ["r_thigh1", 0.02562490643479042], ["L_calc", 0.02559612675460048], ["r.ASIS", 0.025454426264414392], ["R_elbow_lat", 0.02469637086431198], ["L_elbow_lat", 0.024061107116866674], ["r_thigh2", 0.024045484405749325], ["L.ASIS", 0.02377894213377645], ["C7", 0.021799284032371916], ["R_Shoulder", 0.021721340345982856], ["r_knee", 0.02112610652381194], ["R_elbow_med", 0.02104427488615507], ["r_thigh4", 0.020216966308793067], ["r_thigh3", 0.01984067323025206], ["L_thigh1", 0.01922372741894383], ["L_Shoulder", 0.019179665038636738], ["L_thigh3", 0.018726675378732037], ["r_5meta", 0.018022585582224845], ["L_knee", 0.01797041311220039], ["R_HJC", 0.01735163077648481], ["L_thigh2", 0.017215111773766292], ["r_thigh5", 0.01713260210449238], ["L_elbow_med", 0.017052528179954476], ["L_thigh4", 0.016653538803585336], ["L_HJC", 0.015735492826300046], ["L_sh3", 0.015041964306962296], ["r_toe", 0.014849160403096178], ["r_sh4", 0.014721016274351267], ["r_ankle", 0.014487328198977112], ["r_sh3", 0.014290819431107122], ["L_shank_antsup", 0.014282745084817916], ["R_Sternum", 0.014194834355941486], ["L_Sternum", 0.01371763878749686], ["L_5meta", 0.013206562793795038], ["L_ankle", 0.012438354676999155], ["L_sh2", 0.012145055080042265], ["r_shank_antsup", 0.011981037631111371], ["L.PSIS", 0.010178795993219874], ["r_sh2", 0.010105121726260987], ["L_toe", 0.010080686527328648], ["r.PSIS", 0.010001665610014214], ["R_wrist_radius", 0.008294445855622085], ["L_wrist_radius", 0.008190199861628495], ["L_wrist_ulna", 0.00800744344454394], ["R_wrist_ulna", 0.007332135796541371], ["L_forearm", 0.0], ["R_HJC_reg", 0.0], ["R_humerus", 0.0], ["R_forearm", 0.0], ["L_humerus", 0.0], ["L_HJC_reg", 0.0]]}