{"linearResidual": 2.6869682121189142, "angularResidual": 8.578152069983359, "numBadDynamicsFrames": 0, "autoAvgRMSE": 0.01671423454671178, "autoAvgMax": 0.03988680987421089, "markerErrors": [["R_Shoulder", 0.03723732721696286], ["L.ASIS", 0.03434584213179181], ["L_elbow_lat", 0.03372106129828798], ["R_elbow_med", 0.0330452173056472], ["r.ASIS", 0.029181762254560022], ["L_Shoulder", 0.028952034922597986], ["L.PSIS", 0.024064172397191864], ["R_elbow_lat", 0.022522592491837], ["C7", 0.021922572067338747], ["L_calc", 0.018646593850485855], ["r_ankle", 0.018239565960342766], ["L_thigh1", 0.017906697694112402], ["L_thigh3", 0.01784511392198769], ["L_thigh4", 0.01754233704463755], ["L_thigh2", 0.017179381993406077], ["r_5meta", 0.016701408229235007], ["L_5meta", 0.01668107752395016], ["r.PSIS", 0.015617785457164336], ["L_knee", 0.015345039468323524], ["R_HJC", 0.01526220024308301], ["r_calc", 0.01393701766400982], ["r_thigh2", 0.013663461474989248], ["r_thigh1", 0.0134670648801827], ["L_toe", 0.01291193044798491], ["r_thigh3", 0.012857304141341851], ["R_Sternum", 0.012821688078047955], ["L_sh2", 0.012797735628750537], ["r_toe", 0.012534401354155468], ["r_thigh4", 0.012134717898296742], ["r_thigh5", 0.01172420808294927], ["R_wrist_ulna", 0.011524267798568072], ["r_sh3", 0.011164320032214885], ["r_knee", 0.010614361197420801], ["L_sh3", 0.010523178784412363], ["L_elbow_med", 0.010504029658379743], ["L_ankle", 0.010419339085878743], ["r_sh4", 0.010093907151732407], ["L_wrist_ulna", 0.010046254622157313], ["L_shank_antsup", 0.009668169669434288], ["L_Sternum", 0.009633066912674938], ["r_shank_antsup", 0.009618705544470724], ["r_sh2", 0.009010361543187718], ["R_wrist_radius", 0.008508665104054553], ["L_HJC", 0.007835979669310454], ["L_wrist_radius", 0.0062669625365519835], ["L_HJC_reg", 0.0], ["R_humerus", 0.0], ["R_forearm", 0.0], ["L_forearm", 0.0], ["L_humerus", 0.0], ["R_HJC_reg", 0.0]]}