{"linearResidual": 59.14553191892308, "angularResidual": 32.93389586578927, "numBadDynamicsFrames": 0, "autoAvgRMSE": 0.018657028560519318, "autoAvgMax": 0.039223108399756804, "markerErrors": [["L.ASIS", 0.03195671092995459], ["L_Shoulder", 0.030638679031098244], ["R_Sternum", 0.02928258038261715], ["r.ASIS", 0.02843791063702598], ["R_Shoulder", 0.027752237909299572], ["r_calc", 0.02714414709064399], ["r.PSIS", 0.02704985672189218], ["L_knee", 0.02688857500828704], ["L_Sternum", 0.02589696317714998], ["L.PSIS", 0.025290460747228825], ["R_elbow_lat", 0.02476330331409021], ["r_knee", 0.024277395159658786], ["R_elbow_med", 0.02320839588592111], ["L_elbow_lat", 0.023201304548094534], ["L_thigh3", 0.02099173430928782], ["L_thigh1", 0.020768865373518977], ["L_calc", 0.020545540782265], ["L_elbow_med", 0.020198177986062292], ["L_thigh2", 0.01930531152822926], ["L_thigh4", 0.01869277704825371], ["L_ankle", 0.01868414550379834], ["L_toe", 0.018585633889387193], ["C7", 0.01856635456014672], ["r_toe", 0.018532583675486235], ["r_ankle", 0.0181580715993813], ["r_thigh4", 0.018117267639622722], ["r_thigh1", 0.01722604327519032], ["L_wrist_ulna", 0.016699873061946778], ["L_5meta", 0.016117371107438785], ["r_5meta", 0.015848040423016387], ["R_wrist_ulna", 0.015409921956243848], ["r_thigh3", 0.015097334467767433], ["r_thigh5", 0.015008183547712375], ["R_wrist_radius", 0.014457434919096797], ["r_thigh2", 0.014392279209454767], ["R_HJC", 0.013602534049600023], ["L_shank_antsup", 0.01333094584531523], ["L_HJC", 0.013177286484994777], ["L_sh3", 0.012517543080945175], ["L_wrist_radius", 0.012312827465864592], ["L_sh2", 0.011551942059364117], ["r_sh3", 0.011202011441069857], ["r_shank_antsup", 0.010398692853587644], ["r_sh4", 0.009698917960955417], ["r_sh2", 0.009359262244131096], ["L_HJC_reg", 0.0], ["L_forearm", 0.0], ["L_humerus", 0.0], ["R_HJC_reg", 0.0], ["R_humerus", 0.0], ["R_forearm", 0.0]]}