{"linearResidual": 5.889477379764388, "angularResidual": 10.56897726745305, "numBadDynamicsFrames": 0, "autoAvgRMSE": 0.017295732326210997, "autoAvgMax": 0.035794406973856184, "markerErrors": [["L.ASIS", 0.032793371826231134], ["C7", 0.030379958754245137], ["L_thigh2", 0.027764662007560035], ["R_elbow_lat", 0.027213081884711162], ["L_elbow_lat", 0.025752090943780025], ["L_Sternum", 0.024887489648632122], ["L_thigh4", 0.02420270079064121], ["R_Sternum", 0.023864940728482713], ["L_knee", 0.021851609156464558], ["R_Shoulder", 0.021758436479870556], ["r_thigh5", 0.02156436630556404], ["L_thigh1", 0.02137024483563921], ["r_thigh3", 0.021364750344483454], ["r_knee", 0.021143946086472302], ["L_calc", 0.019541686437082068], ["r_thigh4", 0.019215981059023245], ["r.ASIS", 0.019174945671925767], ["L_elbow_med", 0.019028330393979113], ["r_calc", 0.018695829999722333], ["L_Shoulder", 0.01860036873342718], ["L_sh2", 0.018467966997812564], ["r_thigh1", 0.01840762052027375], ["L_thigh3", 0.018115197700536573], ["r_thigh2", 0.018058398664027267], ["R_elbow_med", 0.01714062125071276], ["L_sh3", 0.01667034963855525], ["L.PSIS", 0.015982731628348297], ["r_5meta", 0.015812349354056295], ["L_5meta", 0.015739844929125862], ["r_sh3", 0.015626259544804556], ["r.PSIS", 0.015222969103437258], ["r_shank_antsup", 0.015212677922058914], ["r_ankle", 0.014669837416703092], ["r_sh4", 0.014048757250394811], ["L_ankle", 0.013906432363816036], ["R_HJC", 0.013679874058931176], ["L_HJC", 0.013058445263422746], ["r_sh2", 0.012168183108592266], ["L_toe", 0.012083405559129493], ["R_wrist_radius", 0.011260428945514893], ["L_shank_antsup", 0.01015638904343849], ["r_toe", 0.009825886522372504], ["R_wrist_ulna", 0.009262962752499321], ["L_wrist_radius", 0.008298548011133947], ["L_wrist_ulna", 0.00807268432403078], ["R_humerus", 0.0], ["R_forearm", 0.0], ["R_HJC_reg", 0.0], ["L_humerus", 0.0], ["L_forearm", 0.0], ["L_HJC_reg", 0.0]]}