{"linearResidual": 9.578332024849193, "angularResidual": 4.568533406064489, "numBadDynamicsFrames": 0, "autoAvgRMSE": 0.01415117505485251, "autoAvgMax": 0.034085372886613244, "markerErrors": [["r_calc", 0.03344640087304312], ["L_calc", 0.029422083701318113], ["r_knee", 0.02890592587156471], ["L_knee", 0.02478625205275655], ["r.ASIS", 0.024779242498750905], ["L.ASIS", 0.021404078249930923], ["L_Sternum", 0.01767352600103119], ["C7", 0.017456906559970033], ["R_elbow_med", 0.016905523736836073], ["r_toe", 0.016894442242313915], ["R_Sternum", 0.01656306946129632], ["r_thigh5", 0.015366525383579023], ["L_sh2", 0.014996090849110341], ["R_Shoulder", 0.014464252058195383], ["r_sh3", 0.014301103542739991], ["r_thigh3", 0.014017914552186268], ["r_5meta", 0.013949252805086994], ["R_HJC", 0.013378948474541836], ["r_ankle", 0.013273246825974767], ["r_thigh4", 0.013097219642895178], ["L_HJC", 0.012986297468490495], ["L_thigh4", 0.012968634142764994], ["L_thigh3", 0.012806753143782323], ["r_thigh1", 0.012576579517145131], ["L_ankle", 0.012558853034050401], ["L_Shoulder", 0.012475668314097776], ["L.PSIS", 0.012264050008604064], ["R_elbow_lat", 0.012012565437179577], ["L_toe", 0.011975428770906448], ["r_thigh2", 0.010633480111960034], ["r_shank_antsup", 0.010509475052582382], ["L_thigh2", 0.010494146222052136], ["L_shank_antsup", 0.010037263786154693], ["L_thigh1", 0.010029682596704849], ["L_elbow_lat", 0.009701282895162863], ["L_elbow_med", 0.009564811123286386], ["L_5meta", 0.009249318916172302], ["r.PSIS", 0.009070626476246856], ["R_wrist_ulna", 0.009068133137437524], ["L_sh3", 0.00872306308418437], ["R_wrist_radius", 0.007857796458350016], ["r_sh4", 0.007829147274277538], ["L_wrist_radius", 0.006243059767401994], ["L_wrist_ulna", 0.00599802392914164], ["r_sh2", 0.0050426367334965635], ["L_HJC_reg", 0.0], ["R_humerus", 0.0], ["R_forearm", 0.0], ["L_humerus", 0.0], ["L_forearm", 0.0], ["R_HJC_reg", 0.0]]}