{"linearResidual": 2.336700163899356, "angularResidual": 20.739121703346292, "numBadDynamicsFrames": 0, "autoAvgRMSE": 0.010343947210686521, "autoAvgMax": 0.022181864225318457, "markerErrors": [["C7", 0.021881078112737463], ["CLAV", 0.017319379992733218], ["LMEL", 0.013948788420828157], ["LTH1", 0.01385145880443083], ["LTH2", 0.013575496680360493], ["RPSI", 0.013466446714102583], ["RASI", 0.013233220757077785], ["RLEL", 0.0132166495294981], ["RTH2", 0.012657471259715548], ["LASI", 0.012328402426911137], ["LMT5", 0.012116007591724688], ["LLEL", 0.011742586979841853], ["RTH3", 0.011431692841810729], ["LTH3", 0.010992633135604024], ["RMT5", 0.01098594196591084], ["LUA1", 0.010856466319434538], ["RMEL", 0.01061759530138175], ["LPSI", 0.010248310475790084], ["LUA2", 0.010222456501035867], ["RTH1", 0.00974778470638427], ["RTOE", 0.009617050995227616], ["RACR", 0.00935598424110832], ["LTB1", 0.009128067615179739], ["RUA2", 0.009018081977166295], ["RTB1", 0.008930328496039206], ["LTB2", 0.008349092099026227], ["RUA1", 0.008131241185125754], ["LUA3", 0.007336321971518331], ["RTB2", 0.007246441193586844], ["LACR", 0.006954613265593696], ["LTOE", 0.006930985315567451], ["RUA3", 0.006838668015566661], ["LCAL", 0.006827236281844334], ["LTB3", 0.006452005566113101], ["RTB3", 0.006320299747651526], ["LFAradius", 0.006208949622879741], ["RFAradius", 0.00605707151056628], ["LFAsuperior", 0.005321566664857239], ["RCAL", 0.0053080881458579515], ["RFAulna", 0.0052663405139060674], ["LFAulna", 0.00524333666544915], ["RFAsuperior", 0.00486864074438074]]}