{"linearResidual": 7.439534012382963, "angularResidual": 33.47427569842483, "numBadDynamicsFrames": 0, "autoAvgRMSE": 0.016489131841162876, "autoAvgMax": 0.04317344000068228, "markerErrors": [["LMT5", 0.03817224652852993], ["RMT5", 0.03790655537297837], ["C7", 0.025109203096387665], ["LTH3", 0.024098795831541488], ["LCAL", 0.024059669171074164], ["LTH2", 0.021056286830357287], ["LTB2", 0.018735771777582254], ["RTOE", 0.018310454110881932], ["RCAL", 0.017546553287957817], ["LTOE", 0.017535751403211387], ["LTB1", 0.01735224244063077], ["RMEL", 0.016899263638113858], ["RTH3", 0.01617500851558311], ["LTB3", 0.015862161943842712], ["LACR", 0.015287371632002379], ["RTH2", 0.014754078053303327], ["LUA2", 0.014745142898442058], ["LMEL", 0.014652613912952181], ["RACR", 0.014453931512497952], ["RUA2", 0.014440502451655337], ["LASI", 0.01429836560627676], ["LUA1", 0.013973606505804868], ["RTB2", 0.013866319177088056], ["RTB3", 0.013815022814158457], ["LTH1", 0.013586269484676207], ["RPSI", 0.013406210078518888], ["RTB1", 0.013303560144801082], ["RUA1", 0.012940072881230984], ["LPSI", 0.012385793467049716], ["RUA3", 0.011888011091577387], ["CLAV", 0.01106755536685175], ["RTH1", 0.011019962645874385], ["LUA3", 0.01063044068338733], ["RLEL", 0.010299559622249975], ["RASI", 0.00936122313378904], ["LFAulna", 0.008946902629589411], ["RFAulna", 0.00878090851574139], ["RFAradius", 0.00870845346944991], ["RFAsuperior", 0.008254074319131732], ["LLEL", 0.008202651282762916], ["LFAradius", 0.007658956991726208], ["LFAsuperior", 0.007169424238528948]]}