{"linearResidual": 5.942048236669312, "angularResidual": 33.66907334345309, "numBadDynamicsFrames": 0, "autoAvgRMSE": 0.014248000439652296, "autoAvgMax": 0.03241000472752326, "markerErrors": [["RTB3", 0.023778593917769014], ["C7", 0.02263218756157232], ["LTOE", 0.022437745948206807], ["RPSI", 0.021462321969575867], ["LTH2", 0.020442250283967317], ["RTOE", 0.020275362603457255], ["RTH2", 0.019771716710358992], ["LPSI", 0.01955286920668178], ["LMT5", 0.018509225984624757], ["RMT5", 0.01848798006546113], ["RASI", 0.01703995615470321], ["LTH3", 0.016994871333796305], ["CLAV", 0.016118532050597347], ["RMEL", 0.01574041786665618], ["LMEL", 0.015421750845270598], ["RTH1", 0.015006709014936762], ["RTH3", 0.014371264118128767], ["LTB1", 0.014357370942153478], ["LTH1", 0.01414235857381778], ["LASI", 0.013558033074307236], ["RTB1", 0.013424571590702936], ["RFAradius", 0.01230227588434847], ["RLEL", 0.011694866762720005], ["LUA1", 0.011514761320081737], ["LACR", 0.010918656214204353], ["LLEL", 0.01082169714009633], ["RUA1", 0.010703914508367147], ["LUA2", 0.010535336036524852], ["LUA3", 0.010255551386367424], ["RUA2", 0.010193533839271986], ["RTB2", 0.009915434844077827], ["LTB2", 0.009651875252347583], ["RUA3", 0.00962883662282564], ["RCAL", 0.008732007574245497], ["LFAradius", 0.007858554314214141], ["RACR", 0.00713510720232886], ["LFAsuperior", 0.006730840792381862], ["RFAsuperior", 0.006415090934837565], ["LFAulna", 0.00629201754448585], ["LTB3", 0.006228242909346849], ["LCAL", 0.006215076511956199], ["RFAulna", 0.005297723248361799]]}