{"linearResidual": 7.017165062966547, "angularResidual": 5.805641109875412, "numBadDynamicsFrames": 0, "autoAvgRMSE": 0.015605873800465287, "autoAvgMax": 0.04119946667486627, "markerErrors": [["r.ASIS", 0.03876409646223726], ["r_calc", 0.03042918729057653], ["R_Sternum", 0.027795359258710784], ["R_Shoulder", 0.02629643422393418], ["L.ASIS", 0.025894932719150224], ["L_knee", 0.025823032742537076], ["L_Sternum", 0.024344728361388897], ["L_Shoulder", 0.024246878508711503], ["L.PSIS", 0.024057776171867284], ["r_knee", 0.023921105394522277], ["R_elbow_med", 0.02137032907704848], ["L_calc", 0.02105652934025708], ["R_elbow_lat", 0.01869648754116774], ["L_elbow_lat", 0.018442975944837594], ["r.PSIS", 0.017305716846957184], ["L_elbow_med", 0.016894472207294325], ["L_shank_antsup", 0.015310154085095808], ["r_ankle", 0.013977033076012472], ["L_sh2", 0.012821111244593154], ["C7", 0.012455917494030333], ["r_5meta", 0.012077297342209905], ["L_thigh3", 0.011652747318414865], ["r_sh3", 0.01127366287764642], ["L_HJC", 0.010915143812361848], ["r_shank_antsup", 0.010577229830261988], ["L_ankle", 0.01049140029653628], ["r_thigh1", 0.010265909190734133], ["r_thigh5", 0.00969909181632476], ["r_thigh4", 0.009619648180883542], ["L_sh3", 0.009590484227757266], ["R_HJC", 0.009549053493036492], ["L_toe", 0.009069079705499025], ["r_thigh3", 0.0090457289001451], ["r_thigh2", 0.008929133862660487], ["r_sh4", 0.008797902132337422], ["r_sh2", 0.008629462069353434], ["L_thigh1", 0.008494344385230253], ["L_thigh4", 0.008322984429911666], ["r_toe", 0.008220358228306125], ["L_thigh2", 0.008182162644784613], ["R_wrist_radius", 0.00805438566799975], ["R_wrist_ulna", 0.007733576127246656], ["L_5meta", 0.006378511314691355], ["L_wrist_ulna", 0.005806577350471758], ["L_wrist_radius", 0.0056910229434759705], ["R_HJC_reg", 0.0], ["L_humerus", 0.0], ["L_forearm", 0.0], ["R_humerus", 0.0], ["L_HJC_reg", 0.0], ["R_forearm", 0.0]]}