{"linearResidual": 8.21894427933737, "angularResidual": 42.66749837993984, "numBadDynamicsFrames": 0, "autoAvgRMSE": 0.016603840331537403, "autoAvgMax": 0.044269388670583144, "markerErrors": [["LMT5", 0.03925817264393904], ["RMT5", 0.0308795251067541], ["LTOE", 0.030865829774738826], ["RTOE", 0.029002615085081975], ["LASI", 0.025163158320631783], ["C7", 0.024565257575731015], ["CLAV", 0.019915167445507476], ["RCAL", 0.01906491382601899], ["RASI", 0.01900201249777632], ["RACR", 0.018500164792564968], ["RTH1", 0.018327126984040855], ["LTH3", 0.017681643845273747], ["LCAL", 0.01703717861135641], ["LTH1", 0.016559792537571796], ["LPSI", 0.016522813027373327], ["LTB1", 0.015853600688050903], ["LACR", 0.01564291415314748], ["RTB3", 0.015625891665332663], ["RTH3", 0.014858326571405163], ["RTB1", 0.014353793738288597], ["LTB2", 0.013909130082642166], ["RTB2", 0.013672258958291036], ["LTB3", 0.013550659081874653], ["RLEL", 0.013501592565267591], ["LUA1", 0.012615814550171127], ["RTH2", 0.012115986807311487], ["LTH2", 0.012074776628823858], ["RMEL", 0.011954664422036548], ["RPSI", 0.011855783777687843], ["RUA1", 0.010293437059680223], ["RFAradius", 0.009405111709070803], ["LLEL", 0.00844735129806762], ["RUA3", 0.008230761808895655], ["RFAulna", 0.008202826983062048], ["LUA3", 0.007922521442592095], ["LMEL", 0.0076311965215145345], ["LUA2", 0.00762740379423962], ["LFAradius", 0.007358042342972776], ["LFAsuperior", 0.00704843305901199], ["RFAsuperior", 0.006872340345960543], ["LFAulna", 0.006763796664921866], ["RUA2", 0.00654493208863606]]}