{"linearResidual": 2.99665658179253, "angularResidual": 26.410867290937375, "numBadDynamicsFrames": 0, "autoAvgRMSE": 0.011256360907695589, "autoAvgMax": 0.024425443826637416, "markerErrors": [["C7", 0.020782237112490637], ["LTH1", 0.017831981033042222], ["CLAV", 0.017055689364436726], ["RTH2", 0.016837600034606985], ["LTH2", 0.015744431931169416], ["RTOE", 0.014816387106452576], ["RTH3", 0.014427126080749912], ["RTH1", 0.014081957900242501], ["LLEL", 0.013817993968816606], ["LMT5", 0.013659172574334372], ["RMT5", 0.013619753970274923], ["LTH3", 0.013061743529377601], ["LMEL", 0.01215603631308095], ["RASI", 0.012155820407273624], ["RTB1", 0.012000265508367218], ["RACR", 0.011907642377857228], ["RPSI", 0.011569808939171915], ["LUA1", 0.01154052162510861], ["LASI", 0.01125277492089836], ["RLEL", 0.010949124539601856], ["LTOE", 0.010589933717132542], ["RTB3", 0.010559043131024841], ["RMEL", 0.009904620016870739], ["LPSI", 0.009664678383834889], ["LUA2", 0.009522436476024299], ["LTB2", 0.009309578625099091], ["RTB2", 0.009270852143449849], ["LTB1", 0.009081077314530126], ["LACR", 0.008313260338067608], ["RUA2", 0.0079686653313672], ["RUA1", 0.007609699296367109], ["LUA3", 0.00743288353303919], ["LCAL", 0.007302122997287765], ["RCAL", 0.006673231186280024], ["RFAulna", 0.006625922345047588], ["LFAradius", 0.006505265835449334], ["LTB3", 0.006323832774265047], ["RUA3", 0.006119177640233555], ["LFAulna", 0.00521975405715706], ["LFAsuperior", 0.0051920777846589505], ["RFAsuperior", 0.0045596746323977285], ["RFAradius", 0.003684207866102724]]}