{"linearResidual": 1.9212187322759746, "angularResidual": 5.1992691205884, "numBadDynamicsFrames": 0, "autoAvgRMSE": 0.01590651213365302, "autoAvgMax": 0.03325228670508929, "markerErrors": [["r_calc", 0.027283767235037528], ["r.ASIS", 0.02577296581516953], ["L_calc", 0.025504651538877026], ["L_elbow_lat", 0.02404917456237969], ["R_elbow_lat", 0.023944294171433143], ["C7", 0.023623163578142987], ["R_elbow_med", 0.022924347023988385], ["r_thigh1", 0.022704077662826384], ["L.ASIS", 0.021846779827873034], ["r_thigh2", 0.02130888321206395], ["L_Shoulder", 0.020788367309585238], ["R_Shoulder", 0.019545098021336596], ["L_thigh1", 0.019111396357672717], ["L_thigh3", 0.018800790049098324], ["r_thigh4", 0.01868163900007286], ["r_knee", 0.018639321466009908], ["r_thigh3", 0.018607857015658272], ["L_knee", 0.018291015684633795], ["R_HJC", 0.017834097063770142], ["L_HJC", 0.017003984009076274], ["r_5meta", 0.01687356571959474], ["L_thigh2", 0.01682520708607262], ["L_elbow_med", 0.016526895500351583], ["r_thigh5", 0.016356840702782625], ["L_thigh4", 0.01634184290451017], ["r_ankle", 0.015509062039303955], ["L_shank_antsup", 0.015200367564220664], ["r_toe", 0.015024886189184574], ["L_sh3", 0.014983776993011915], ["R_Sternum", 0.014353439430238977], ["r_sh3", 0.01413745987897244], ["r_sh4", 0.013799596253264568], ["L_5meta", 0.013325588961099807], ["L_Sternum", 0.01321563352177176], ["L_ankle", 0.01251477739327443], ["L.PSIS", 0.011515402914313518], ["L_sh2", 0.011423790411768869], ["r_shank_antsup", 0.010949298943697816], ["r.PSIS", 0.010389131148920405], ["r_sh2", 0.009562093958698368], ["L_toe", 0.00881075996195738], ["L_wrist_ulna", 0.008324270704850138], ["L_wrist_radius", 0.007987479504063665], ["R_wrist_radius", 0.00752869550252515], ["R_wrist_ulna", 0.007085021322889543], ["L_humerus", 0.0], ["R_HJC_reg", 0.0], ["L_HJC_reg", 0.0], ["R_humerus", 0.0], ["R_forearm", 0.0], ["L_forearm", 0.0]]}