{"linearResidual": 1.5576038800454615, "angularResidual": 10.449357031183482, "numBadDynamicsFrames": 0, "autoAvgRMSE": 0.01730875112513647, "autoAvgMax": 0.04185339236258566, "markerErrors": [["L_Shoulder", 0.03866486265049128], ["r.ASIS", 0.03839454780136272], ["L.ASIS", 0.032314741923796464], ["L_elbow_med", 0.03051137455436146], ["R_elbow_med", 0.030181552814594996], ["r_calc", 0.02851182727910962], ["r.PSIS", 0.028297525168233483], ["R_elbow_lat", 0.024564241825873846], ["L_elbow_lat", 0.024511942915348507], ["L.PSIS", 0.024495777246708234], ["L_calc", 0.0241282022915375], ["r_knee", 0.021091215719688965], ["R_Shoulder", 0.02053867057117067], ["r_thigh1", 0.01927269593391308], ["L_knee", 0.019055437649848114], ["L_thigh2", 0.018110021093155754], ["L_thigh1", 0.017940749257158668], ["L_sh3", 0.016710119974804667], ["R_HJC", 0.016527046225873837], ["L_sh2", 0.016479510153110756], ["r_thigh2", 0.016103892471447535], ["L_shank_antsup", 0.01578792128726424], ["r_thigh4", 0.01535201179947874], ["r_sh4", 0.015066857033746548], ["r_5meta", 0.014681255622741918], ["r_shank_antsup", 0.0145463489561768], ["r_sh3", 0.01448038569318147], ["L_ankle", 0.014235743043971615], ["L_thigh3", 0.014033009723358693], ["L_HJC", 0.013946269362426876], ["C7", 0.013916462806381378], ["r_ankle", 0.013839379612195394], ["r_toe", 0.013663323826107581], ["r_sh2", 0.013574852864621595], ["L_thigh4", 0.013571125894908333], ["R_Sternum", 0.013506042831619653], ["r_thigh5", 0.013281797674498413], ["L_Sternum", 0.013223289524741838], ["r_thigh3", 0.01230078237838124], ["L_5meta", 0.012218153836936935], ["L_wrist_radius", 0.011867070551044226], ["R_wrist_radius", 0.011516514274937223], ["L_wrist_ulna", 0.0114536415830098], ["L_toe", 0.011320900245263174], ["R_wrist_ulna", 0.010833877620099791], ["L_humerus", 0.0], ["L_forearm", 0.0], ["R_forearm", 0.0], ["L_HJC_reg", 0.0], ["R_humerus", 0.0], ["R_HJC_reg", 0.0]]}