{"linearResidual": 4.97653476983292, "angularResidual": 48.40596427614916, "numBadDynamicsFrames": 0, "autoAvgRMSE": 0.018705675219846923, "autoAvgMax": 0.050182805389860016, "markerErrors": [["RMT5", 0.042537778075756504], ["LMT5", 0.040597054962547736], ["RTOE", 0.03350479166838369], ["LACR", 0.03086749287278174], ["RTH2", 0.023792969461709747], ["LTOE", 0.023370422072072055], ["RTH1", 0.021002222912687787], ["RACR", 0.020452406384917958], ["LPSI", 0.020256347395829214], ["RMEL", 0.019668621129619625], ["RTH3", 0.01927741174119889], ["LTH3", 0.01809653823451791], ["LTH2", 0.018051257814649783], ["LASI", 0.01758524643795789], ["CLAV", 0.017547723105869585], ["RPSI", 0.017275329865931017], ["LTB3", 0.016984418143977845], ["C7", 0.01694339372327366], ["LFAulna", 0.016509813367901208], ["LCAL", 0.016471199491843034], ["LMEL", 0.016064424493200894], ["LTB1", 0.015656556511877372], ["LTH1", 0.015394106887284974], ["LTB2", 0.015344495399983775], ["LFAradius", 0.015104070172580902], ["RTB1", 0.015019548794341711], ["RCAL", 0.014386498933953148], ["RTB3", 0.013800781115956066], ["LUA1", 0.013455665636975533], ["RTB2", 0.012489958701163019], ["LUA2", 0.012236542450135269], ["LUA3", 0.01211365327206663], ["RASI", 0.01164465242847442], ["LLEL", 0.011435819461795713], ["RFAradius", 0.010655574253931854], ["RUA3", 0.010238687007600727], ["LFAsuperior", 0.010127451504354207], ["RUA1", 0.010019677610768267], ["RUA2", 0.009758436868403275], ["RLEL", 0.009133612271610402], ["RFAsuperior", 0.008669452625176158], ["RFAulna", 0.007885212168359476]]}