{"linearResidual": 0.001274788369396268, "angularResidual": 0.00039944482795331565, "numBadDynamicsFrames": 0, "autoAvgRMSE": 0.006709434130990704, "autoAvgMax": 0.015415098916082736, "markerErrors": [["RASH", 0.013798405622721433], ["LASH", 0.013003393832040236], ["RASI", 0.011811233267569079], ["LASI", 0.011566794469673644], ["LPSH", 0.0115123076335438], ["LMEL", 0.010867326544635698], ["RMEL", 0.01077822329914975], ["RFAulna", 0.010672597654131616], ["RLEL", 0.010378589351925057], ["LFAulna", 0.010099639471293801], ["RFAradius", 0.010062310453189298], ["LLEL", 0.009925603998034811], ["LFAradius", 0.009729398294119963], ["RPSH", 0.009650874625674807], ["CLAV", 0.00845179510429232], ["C7", 0.008363412362649281], ["LACR", 0.008084805907387591], ["RACR", 0.007806392482650798], ["RMFC", 0.007639788870991071], ["RMT5", 0.007478914941847587], ["LMFC", 0.007308195359515003], ["LMT5", 0.00727689258740403], ["RPSI", 0.007004005997767408], ["LPSI", 0.006945004723542938], ["RLMAL", 0.0064678402476372136], ["LLMAL", 0.0064183197779237745], ["RCAL", 0.0063679073477857315], ["LCAL", 0.0058969803406978055], ["LMMAL", 0.0045648576091429785], ["RMMAL", 0.004549399353814911], ["RTB3", 0.004502848793750213], ["RAJC", 0.0044585303965008274], ["LTOE", 0.004415277314459437], ["RTOE", 0.004300028990008415], ["REJC", 0.00406408721326419], ["LAJC", 0.004063963214328477], ["RTB1", 0.004024204697079025], ["RTB2", 0.0039339721592397976], ["RFAsuperior", 0.003896523708517586], ["LSJC", 0.003868150062162635], ["RLFC", 0.003765238416814913], ["LUA1", 0.0037383626716524553], ["LHJC", 0.003673854650394109], ["LUA3", 0.003577314774103627], ["RHJC", 0.00354665941767145], ["RUA2", 0.003495537792343507], ["LUA2", 0.003486879421830667], ["LTB3", 0.0034467765642295055], ["LLFC", 0.003399090477987628], ["LEJC", 0.003373946424242889], ["RKJC", 0.0033165829169032523], ["LTB2", 0.0032579048219573913], ["RUA3", 0.003242964955052894], ["LFAsuperior", 0.003046865813656985], ["RUA1", 0.0028301413118858557], ["LTB1", 0.0027496521017273787], ["RTH3", 0.00270851251603857], ["LTH1", 0.00270831099025332], ["RSJC", 0.0026835260453134955], ["RTH2", 0.002383666113758853], ["LTH2", 0.002372445063033692], ["RTH1", 0.002367247780704822], ["LKJC", 0.002252840937104962], ["LTH3", 0.00216799691826012]]}