{"linearResidual": 4.187719668485554, "angularResidual": 9.46586821332874, "numBadDynamicsFrames": 0, "autoAvgRMSE": 0.01608562615757185, "autoAvgMax": 0.039626689981262425, "markerErrors": [["C7", 0.0394224582230113], ["L_elbow_lat", 0.0295777004942848], ["L_Shoulder", 0.028982264741213244], ["L_elbow_med", 0.026199030466249665], ["r.ASIS", 0.025637068260539894], ["L_knee", 0.024404405484219044], ["R_elbow_med", 0.024241723356745012], ["R_Shoulder", 0.023751511344886792], ["L.ASIS", 0.02217755721281814], ["R_elbow_lat", 0.019649512474748852], ["L_sh2", 0.0189957970879794], ["r_thigh1", 0.017907716074307585], ["L_thigh4", 0.017886252895754882], ["L_thigh2", 0.01775122058677588], ["L_thigh1", 0.01751847675029955], ["L_thigh3", 0.01632562848400022], ["r_ankle", 0.016298234732036083], ["r_calc", 0.014938280566557018], ["r_thigh4", 0.01491912909242122], ["R_wrist_radius", 0.014763499310377022], ["r_knee", 0.01450548617369683], ["L.PSIS", 0.014322994794049592], ["r_sh4", 0.014225878202870185], ["r_sh3", 0.01417551389628032], ["L_sh3", 0.013800219071023221], ["r.PSIS", 0.013437247914998791], ["L_shank_antsup", 0.01283010597922132], ["L_calc", 0.01261774708868538], ["L_HJC", 0.012509476752931474], ["r_shank_antsup", 0.012441086348939093], ["L_ankle", 0.012267356170617869], ["r_5meta", 0.011758923523981116], ["R_HJC", 0.011620998979006873], ["r_sh2", 0.011353512046503639], ["r_thigh3", 0.010713345536203695], ["r_thigh5", 0.010583031095871968], ["r_thigh2", 0.010280395306048894], ["L_5meta", 0.009774017272265208], ["R_Sternum", 0.0090406997585993], ["L_Sternum", 0.008590529959354087], ["L_toe", 0.007440745159214725], ["r_toe", 0.0074138144303860535], ["R_wrist_ulna", 0.0071145134416492175], ["L_wrist_radius", 0.0066628389651339414], ["L_wrist_ulna", 0.005848491536752797], ["L_forearm", 0.0], ["L_humerus", 0.0], ["L_HJC_reg", 0.0], ["R_HJC_reg", 0.0], ["R_forearm", 0.0], ["R_humerus", 0.0]]}