{"linearResidual": 2.513940284612209, "angularResidual": 7.736677534656807, "numBadDynamicsFrames": 0, "autoAvgRMSE": 0.016715015320298038, "autoAvgMax": 0.03993629099748393, "markerErrors": [["R_Shoulder", 0.03748013028910398], ["L.ASIS", 0.03342192254733593], ["L_elbow_lat", 0.03249938329857291], ["L_Shoulder", 0.03192777167728746], ["R_elbow_med", 0.030605497253316776], ["r.ASIS", 0.028307210782477728], ["C7", 0.026352118021835808], ["R_elbow_lat", 0.025086588053222128], ["L.PSIS", 0.023918200622175003], ["L_thigh3", 0.01857253413191938], ["L_calc", 0.018102023429184697], ["L_thigh1", 0.017888576169111253], ["L_thigh4", 0.017162229899199723], ["L_5meta", 0.016526627540911328], ["L_thigh2", 0.016368583846616006], ["r_ankle", 0.016104209591986295], ["r_5meta", 0.01574702248887294], ["L_knee", 0.015055372640322053], ["r_calc", 0.014893652377621773], ["r.PSIS", 0.014544551325055591], ["R_HJC", 0.014340737299385226], ["L_sh2", 0.013519823083259856], ["R_wrist_ulna", 0.013328244040374939], ["r_thigh1", 0.01290632538865461], ["r_thigh2", 0.012869943869213], ["r_sh3", 0.012572409777108445], ["L_toe", 0.01223183594181081], ["r_thigh3", 0.01188427103715139], ["r_thigh4", 0.01169516011043215], ["L_sh3", 0.011459534890274166], ["r_thigh5", 0.011362528402349234], ["r_shank_antsup", 0.011332314361160362], ["R_Sternum", 0.011148660893833267], ["r_sh4", 0.010956779167754057], ["r_toe", 0.010877191816248901], ["L_elbow_med", 0.01053290466043936], ["L_ankle", 0.010398704478612152], ["r_sh2", 0.010369587845744013], ["L_wrist_ulna", 0.010283080000289218], ["r_knee", 0.010194127364363613], ["L_shank_antsup", 0.009606989303842586], ["R_wrist_radius", 0.00843025098648061], ["L_Sternum", 0.007364830799853833], ["L_HJC", 0.00713919835581448], ["L_wrist_radius", 0.006055375774485953], ["L_HJC_reg", 0.0], ["R_humerus", 0.0], ["R_forearm", 0.0], ["L_forearm", 0.0], ["L_humerus", 0.0], ["R_HJC_reg", 0.0]]}