{"linearResidual": 1.3657096370709374, "angularResidual": 6.312169833961702, "numBadDynamicsFrames": 0, "autoAvgRMSE": 0.013562171118081884, "autoAvgMax": 0.030336423762589493, "markerErrors": [["C7", 0.029097126171825798], ["L_knee", 0.02415826330218232], ["L_elbow_lat", 0.024141766231784687], ["r.ASIS", 0.023805258158656483], ["L.ASIS", 0.022630326758655325], ["r_knee", 0.022406426459244257], ["R_Sternum", 0.022049764594162545], ["L_sh2", 0.021768009138590172], ["L_Shoulder", 0.02131650882212407], ["L_Sternum", 0.01792809504954716], ["r_calc", 0.017066142199061708], ["R_Shoulder", 0.016499589868709082], ["L_sh3", 0.016147863795730775], ["L_thigh3", 0.015882975140323444], ["R_elbow_lat", 0.015752395267230837], ["R_elbow_med", 0.015138157405740628], ["r_ankle", 0.014933204242824112], ["L_thigh4", 0.014660583933693754], ["L_calc", 0.01347208016911167], ["L_thigh1", 0.013339074774067821], ["L_ankle", 0.013088076133715243], ["L_toe", 0.011450246089126306], ["L_elbow_med", 0.011335151880139352], ["L.PSIS", 0.010760043740240765], ["L_shank_antsup", 0.010595315257971942], ["R_wrist_ulna", 0.01053802935325155], ["r_sh4", 0.009967942446722375], ["L_HJC", 0.009819800754065354], ["L_thigh2", 0.009815817177097768], ["r_sh3", 0.00892739350197743], ["R_wrist_radius", 0.008788519079588566], ["L_5meta", 0.008695674967767037], ["R_HJC", 0.008141390072970881], ["r.PSIS", 0.007981617082463551], ["L_wrist_ulna", 0.007803064722777328], ["r_thigh4", 0.007618361324291118], ["r_toe", 0.007291499790973601], ["r_thigh5", 0.006273677455095898], ["r_thigh1", 0.005874986949429251], ["r_thigh3", 0.00572688938996545], ["r_5meta", 0.005498602836962105], ["r_shank_antsup", 0.004902441300746756], ["r_thigh2", 0.004617712049265609], ["r_sh2", 0.004233327249058236], ["L_wrist_radius", 0.00417943754375848], ["L_forearm", 0.0], ["L_HJC_reg", 0.0], ["R_humerus", 0.0], ["L_humerus", 0.0], ["R_HJC_reg", 0.0], ["R_forearm", 0.0]]}