{"linearResidual": 0.20470805373120177, "angularResidual": 0.22654389657064833, "numBadDynamicsFrames": 0, "autoAvgRMSE": 0.006843654955539047, "autoAvgMax": 0.017631076332739283, "markerErrors": [["LCAL", 0.017521450137385205], ["RCAL", 0.016768891656887285], ["RASH", 0.015665478541162667], ["RPSH", 0.015561322816531109], ["LPSH", 0.014778665370211302], ["LASH", 0.01462306379045736], ["RMMAL", 0.011799409853410952], ["RACR", 0.011397214901694227], ["LMMAL", 0.01128546910205176], ["RLMAL", 0.010477692052084108], ["LACR", 0.01017887033591715], ["LLMAL", 0.010143643136490924], ["C7", 0.009936463976010008], ["RASI", 0.008361328872714483], ["LASI", 0.007816567026953956], ["LFAradius", 0.0063972087376038145], ["RLEL", 0.0062277631251140735], ["LLEL", 0.0061294243743448325], ["RFAradius", 0.005876071417132399], ["RPSI", 0.005783281900564435], ["RMFC", 0.005702393323100156], ["LPSI", 0.005648692790580312], ["RLFC", 0.0055964121930891725], ["LLFC", 0.005289397901705398], ["CLAV", 0.005182570035562215], ["LMFC", 0.004754927874309661], ["RMEL", 0.00427075191925132], ["RFAulna", 0.004196114702439944], ["LFAulna", 0.003663766315319311], ["LMEL", 0.003238499583793229], ["RAJC", 0.0027562294204186576], ["LTOE", 0.0026267498177064354], ["RTB3", 0.0026176383077952674], ["RMT5", 0.002511081430393615], ["LMT5", 0.0024566633954104956], ["REJC", 0.0024308843042589647], ["LAJC", 0.0023937060720021263], ["RTOE", 0.00233466853122085], ["RTB2", 0.0023282864094182035], ["LSJC", 0.0022625572453219677], ["RTB1", 0.0022122698977364995], ["RUA2", 0.0021444425530790586], ["RUA3", 0.002079064246868616], ["LUA1", 0.002067683793568042], ["LTB3", 0.0020522780573370173], ["RFAsuperior", 0.0019780870160175084], ["LTB2", 0.0019288357455452792], ["RSJC", 0.0018898373004067382], ["RKJC", 0.001875626467750297], ["RTH3", 0.0018663545199051712], ["RUA1", 0.0018545087399170672], ["LUA3", 0.0018022415404906438], ["RTH2", 0.0017138573525838402], ["LTB1", 0.0016540425560929552], ["LUA2", 0.0016455466497210453], ["LEJC", 0.0015960616743303812], ["LKJC", 0.0014021510872382747], ["LFAsuperior", 0.001299802830391511], ["LTH2", 0.0011833890976701335], ["LTH3", 0.001158091171641657], ["RTH1", 0.0011540082130897847], ["LHJC", 0.0010495521668999939], ["RHJC", 0.0009835576006484883], ["LTH1", 0.0008539610651216497]]}