{"linearResidual": 0.10535583291508774, "angularResidual": 0.11888466285265034, "numBadDynamicsFrames": 0, "autoAvgRMSE": 0.005375993177415084, "autoAvgMax": 0.01243502534248219, "markerErrors": [["LASI", 0.012411489878729113], ["RASI", 0.01169827870359512], ["C7", 0.011290861003530925], ["RASH", 0.010338839629171023], ["LPSH", 0.010057831451072656], ["RFAulna", 0.009013551900296535], ["LFAulna", 0.008897984768962095], ["RPSH", 0.00855042453553099], ["LASH", 0.008461027011147107], ["RCAL", 0.00813845207279], ["LCAL", 0.007857593416737469], ["RFAradius", 0.007802268327318971], ["LMEL", 0.007588352770181816], ["LFAradius", 0.007553118358461576], ["RMEL", 0.007504425920126701], ["RMFC", 0.007439290107266373], ["LPSI", 0.006438997795458656], ["LMFC", 0.006274914326752213], ["RLEL", 0.0061621755520052625], ["RPSI", 0.0060243599744085035], ["LLEL", 0.005939168591546172], ["CLAV", 0.005879497647202191], ["RACR", 0.005163217671970038], ["LLMAL", 0.004603936165174209], ["RLMAL", 0.004440188921939393], ["LACR", 0.00427681597001753], ["LMT5", 0.003981289706911227], ["LLFC", 0.003954539552397469], ["LMMAL", 0.0037562017885861337], ["RMT5", 0.0037541886717723486], ["RMMAL", 0.0032913121278107336], ["RLFC", 0.003078623898658375], ["LHJC", 0.002689463253198703], ["LTOE", 0.002344112631022424], ["RAJC", 0.002260367943928343], ["LAJC", 0.0022366346272178457], ["RTB3", 0.002206642702154276], ["LTH1", 0.0021239392643806997], ["REJC", 0.0021030055372133227], ["RTOE", 0.0020745195130902365], ["RHJC", 0.0020647339040563966], ["RSJC", 0.0020332913793862624], ["RTB1", 0.0019758732674704845], ["LTB3", 0.001969179829619232], ["RFAsuperior", 0.0019447673543898111], ["RTB2", 0.0019376474944078157], ["LTH2", 0.0018870893954081023], ["LTB2", 0.0018239254140119735], ["RUA1", 0.0018005030512291357], ["LEJC", 0.0017739577846024395], ["RTH3", 0.0017513473730286179], ["LTH3", 0.0017426654036895553], ["RTH2", 0.0017408020946191672], ["RKJC", 0.0017019713597202883], ["RUA3", 0.0016921094995205846], ["RUA2", 0.0016422902305282911], ["LFAsuperior", 0.0015947087205178566], ["LSJC", 0.0015896655227325425], ["RTH1", 0.0015653252172569466], ["LTB1", 0.0015634628635387534], ["LUA3", 0.0014873130027253378], ["LUA2", 0.0014809144037883925], ["LUA1", 0.0014536976306398527], ["LKJC", 0.0013176774649277681]]}