{"linearResidual": 8.71090470076911, "angularResidual": 29.50686061403232, "numBadDynamicsFrames": 0, "autoAvgRMSE": 0.018184792089277372, "autoAvgMax": 0.04984721983419083, "markerErrors": [["RTOE", 0.0447362574769274], ["RMT5", 0.03899218792673239], ["LTOE", 0.0313380529834089], ["LMT5", 0.0300171495030207], ["RMMAL", 0.029353560454611072], ["C7", 0.027505773147195812], ["RTH3", 0.027446025792139887], ["RTH2", 0.024828895388045055], ["RCAL", 0.023257098761261794], ["RTB1", 0.022641995854740384], ["CLAV", 0.022354936503903824], ["LTH2", 0.02124134309482901], ["LTH3", 0.02084307951423873], ["RLMAL", 0.020347624581534288], ["RACR", 0.01854384061602899], ["LASI", 0.017911468421975996], ["LCAL", 0.017095529012972947], ["LTB1", 0.017019761617419565], ["RTB2", 0.016897956360581806], ["RTH1", 0.01633545308253916], ["LTB2", 0.015369459060870101], ["LTH1", 0.014452833523236891], ["LACR", 0.01400572352072923], ["LPSH", 0.012040780208799055], ["LPSI", 0.011971624638337607], ["RTB3", 0.011466742873428996], ["RLEL", 0.011105944786427553], ["RASI", 0.010711996726141117], ["LUA1", 0.010211409133968351], ["LTB3", 0.010026912376050811], ["LFAradius", 0.009971720462345214], ["LMEL", 0.009028478510215668], ["RFAradius", 0.008988266534892675], ["LLEL", 0.008180368673474034], ["LUA3", 0.008122720740185522], ["RPSI", 0.008099467937608077], ["LUA2", 0.007827574342983135], ["RUA1", 0.007489193919518134], ["RFAulna", 0.007332834841158975], ["RUA2", 0.0068956067836497175], ["RFAsuperior", 0.006832956322763976], ["RMEL", 0.006824148419352248], ["RUA3", 0.006712007506075517], ["LFAsuperior", 0.006336016461355368], ["LFAulna", 0.00566745262295684]]}