{"linearResidual": 2.468607927020119, "angularResidual": 7.100456235160907, "numBadDynamicsFrames": 0, "autoAvgRMSE": 0.014452224277314215, "autoAvgMax": 0.0428201266162323, "markerErrors": [["r.ASIS", 0.04466559056931302], ["L.ASIS", 0.0328907382811643], ["L_calc", 0.030632043425578525], ["r_calc", 0.026687501949587467], ["R_Sternum", 0.024698477109197942], ["R_Shoulder", 0.023550083803265502], ["L_knee", 0.022780443875814516], ["L_elbow_lat", 0.021950531683273922], ["R_elbow_med", 0.019391516290650893], ["L_Shoulder", 0.017500948681501427], ["C7", 0.01698339760444635], ["L_Sternum", 0.01675520404980232], ["r_5meta", 0.01628813238753809], ["L_5meta", 0.01601216519291866], ["r_knee", 0.015148157703134732], ["L.PSIS", 0.014003745685253673], ["L_elbow_med", 0.013969373915322821], ["r_thigh1", 0.013341874745305763], ["L_thigh1", 0.012916035862982024], ["L_thigh3", 0.012504996818692273], ["L_thigh2", 0.012234745263630982], ["r.PSIS", 0.011693097171943617], ["L_HJC", 0.011323669984091162], ["r_ankle", 0.011302159764360517], ["L_thigh4", 0.010864454844115459], ["R_elbow_lat", 0.010547364997774051], ["r_thigh4", 0.01018142749387434], ["r_thigh2", 0.009529905031156444], ["L_ankle", 0.008623995659283408], ["L_toe", 0.008505561104117975], ["r_toe", 0.008261256272035241], ["r_thigh3", 0.008042076599898763], ["L_shank_antsup", 0.007805567885575887], ["r_thigh5", 0.007353011541780007], ["L_sh2", 0.007266571286997231], ["R_wrist_ulna", 0.007184384484713225], ["r_shank_antsup", 0.006793541200948374], ["R_HJC", 0.006736060397466931], ["r_sh3", 0.006394120408369277], ["L_sh3", 0.006381914087583195], ["r_sh2", 0.00631287578513999], ["R_wrist_radius", 0.006120289232500352], ["r_sh4", 0.005629344326205766], ["L_wrist_radius", 0.0035007609537732274], ["L_wrist_ulna", 0.0034940074547041297], ["L_HJC_reg", 0.0], ["L_forearm", 0.0], ["R_forearm", 0.0], ["L_humerus", 0.0], ["R_HJC_reg", 0.0], ["R_humerus", 0.0]]}