{"linearResidual": 1.3103913342072397, "angularResidual": 5.994379044929359, "numBadDynamicsFrames": 0, "autoAvgRMSE": 0.02069578777330549, "autoAvgMax": 0.05115335740400183, "markerErrors": [["R_Shoulder", 0.0502266255051508], ["R_elbow_lat", 0.04656300013706889], ["L_Shoulder", 0.044333410377696406], ["R_elbow_med", 0.041107962476679964], ["R_wrist_ulna", 0.034504055143925565], ["R_wrist_radius", 0.03179326275848146], ["L_elbow_med", 0.03016921445336004], ["L.ASIS", 0.03011706769566045], ["L.PSIS", 0.02934796758702177], ["L_elbow_lat", 0.02747527052195064], ["r.ASIS", 0.024733693790354148], ["L_HJC", 0.022136462876966773], ["r.PSIS", 0.020053677809267544], ["r_thigh1", 0.019631425769914522], ["L_sh2", 0.01813680141708478], ["R_HJC", 0.018055053548588704], ["L_knee", 0.01789248523930491], ["L_thigh1", 0.01788294714782242], ["r_thigh2", 0.017589780526349217], ["r_thigh3", 0.016018018331942975], ["L_Sternum", 0.015405814148657845], ["r_knee", 0.015354937345897646], ["L_thigh2", 0.01527251153931179], ["r_shank_antsup", 0.014942499201391672], ["L_shank_antsup", 0.014925688623382486], ["r_calc", 0.01492013566242666], ["L_thigh4", 0.014179769254683476], ["L_calc", 0.014140019206619562], ["r_sh3", 0.013690276372383937], ["R_Sternum", 0.013523656986799264], ["L_wrist_radius", 0.01349363810896114], ["L_sh3", 0.013460011494768971], ["C7", 0.013135198781397838], ["L_thigh3", 0.01294540187303733], ["L_toe", 0.01235843739437836], ["r_ankle", 0.011910965463967306], ["L_wrist_ulna", 0.011797290647904624], ["r_sh4", 0.011782892830687178], ["r_thigh4", 0.011699455429641063], ["r_thigh5", 0.011217415264108821], ["L_5meta", 0.011113960371750472], ["L_ankle", 0.011064409693311666], ["r_toe", 0.009633042875605985], ["r_sh2", 0.009564579062343075], ["r_5meta", 0.0067767815042700285], ["L_HJC_reg", 0.0], ["R_HJC_reg", 0.0], ["R_humerus", 0.0], ["R_forearm", 0.0], ["L_forearm", 0.0], ["L_humerus", 0.0]]}