{"linearResidual": 2.6869033834944225, "angularResidual": 9.901408802104454, "numBadDynamicsFrames": 0, "autoAvgRMSE": 0.017320869550128213, "autoAvgMax": 0.03957137197972132, "markerErrors": [["R_Shoulder", 0.03853694749010069], ["L_elbow_lat", 0.03347038205052169], ["L.ASIS", 0.033336223275688484], ["R_elbow_med", 0.032620974946528825], ["L_Shoulder", 0.029856541854721863], ["r.ASIS", 0.027672163915017367], ["R_elbow_lat", 0.025971204815810108], ["L.PSIS", 0.02498087217906574], ["L_calc", 0.02119921778470666], ["L_thigh1", 0.020835664544243595], ["L_thigh2", 0.020270157702609815], ["L_thigh3", 0.01960341550335842], ["r_5meta", 0.019181587760014628], ["C7", 0.0185318262241078], ["L_5meta", 0.016828964963950827], ["L_thigh4", 0.01681683900284058], ["L_toe", 0.016782071097318867], ["r.PSIS", 0.01665215720497609], ["r_calc", 0.01659029795741315], ["r_thigh1", 0.015842759438581787], ["r_thigh2", 0.01572167401797578], ["r_ankle", 0.015164127606949995], ["r_thigh3", 0.014400451012297925], ["L_ankle", 0.01407606814358679], ["L_shank_antsup", 0.013726382693865585], ["R_wrist_ulna", 0.013687500783142629], ["r_thigh4", 0.013462101595525482], ["R_Sternum", 0.013412690525163388], ["r_thigh5", 0.013150424781291765], ["R_HJC", 0.0130702081667774], ["L_knee", 0.01300558991991193], ["L_sh2", 0.012127080478613743], ["L_sh3", 0.011734554582238245], ["r_knee", 0.011703085155936302], ["r_sh3", 0.011318463624447236], ["r_toe", 0.01094797824625698], ["r_shank_antsup", 0.010806221041824252], ["r_sh2", 0.010683978483697539], ["L_wrist_ulna", 0.010487957686310114], ["r_sh4", 0.010204933593762837], ["R_wrist_radius", 0.010154483259494692], ["L_Sternum", 0.009498415184458875], ["L_elbow_med", 0.008986197407716638], ["L_HJC", 0.008412241616863641], ["L_wrist_radius", 0.006422334263950135], ["L_humerus", 0.0], ["R_humerus", 0.0], ["R_forearm", 0.0], ["L_forearm", 0.0], ["L_HJC_reg", 0.0], ["R_HJC_reg", 0.0]]}