{"linearResidual": 3.6302903085266176, "angularResidual": 35.23009928573795, "numBadDynamicsFrames": 0, "autoAvgRMSE": 0.01624301037350607, "autoAvgMax": 0.04065578113319551, "markerErrors": [["RMT5", 0.03686373087618675], ["LMT5", 0.032406305559203555], ["LACR", 0.029597330509553474], ["RTOE", 0.027148043347340545], ["RTH2", 0.021642604555263917], ["RACR", 0.020363611259713105], ["RTH1", 0.01985916360819882], ["LTOE", 0.01864727411360024], ["RMEL", 0.018491515747956804], ["RTH3", 0.01783294402710717], ["LPSI", 0.01771011838736264], ["C7", 0.01744139871681701], ["CLAV", 0.017425490596075382], ["LTH2", 0.016616372394031777], ["LMEL", 0.016378895936078205], ["LASI", 0.016088922342415216], ["LTH3", 0.015869741980063353], ["RPSI", 0.015630250992217924], ["LTH1", 0.014289716903535445], ["LCAL", 0.013271046431576256], ["LTB1", 0.012519968731978135], ["RTB1", 0.012097596757995448], ["LTB2", 0.011956564178651485], ["RCAL", 0.011702126506225435], ["LTB3", 0.011525945101112977], ["RASI", 0.011408799418914475], ["LFAulna", 0.010965377564688019], ["RTB2", 0.010795091091931754], ["LUA1", 0.010444766201293396], ["LLEL", 0.010371608611485693], ["RTB3", 0.009973611095797164], ["RFAradius", 0.009797719990919801], ["LUA3", 0.009757642671472768], ["RLEL", 0.009522455600005858], ["RUA3", 0.009415680628880114], ["RUA1", 0.009357088429333632], ["RUA2", 0.00892427475883668], ["LUA2", 0.008654250437275928], ["LFAradius", 0.008331158620729], ["RFAulna", 0.0075789121314370905], ["LFAsuperior", 0.007558639657637887], ["RFAsuperior", 0.0068733041321319775]]}