{"linearResidual": 2.8781320092354763, "angularResidual": 9.591510445734592, "numBadDynamicsFrames": 0, "autoAvgRMSE": 0.018335911991578604, "autoAvgMax": 0.044330472779774054, "markerErrors": [["L.PSIS", 0.042029895631444956], ["L_Shoulder", 0.0416621867809926], ["r.PSIS", 0.038459910745671316], ["R_elbow_med", 0.036596090583193144], ["L_elbow_lat", 0.032367707566849896], ["R_Shoulder", 0.027628395922621448], ["L.ASIS", 0.020542824416639738], ["R_elbow_lat", 0.01996647622696243], ["L_Sternum", 0.019681918180871706], ["R_Sternum", 0.01939431434134057], ["L_5meta", 0.019036436677887784], ["r_5meta", 0.018678423101626426], ["r_ankle", 0.018072384062085133], ["L_thigh1", 0.01787191109742959], ["r.ASIS", 0.017714002822892504], ["C7", 0.01687740341882241], ["r_toe", 0.01671921713938191], ["r_calc", 0.0166687336234256], ["L_calc", 0.016613622163208594], ["L_sh2", 0.016492039039201965], ["L_knee", 0.016371149111185958], ["R_wrist_radius", 0.01634117996182134], ["L_toe", 0.016125980891002784], ["R_HJC", 0.016058324897949536], ["L_thigh4", 0.015908739401982723], ["L_thigh3", 0.015429587113422337], ["r_sh3", 0.015338005340774789], ["L_thigh2", 0.01504088277117985], ["L_HJC", 0.014987536798356906], ["r_sh4", 0.014764423456444875], ["L_sh3", 0.0145292703477424], ["r_thigh1", 0.014470556482079287], ["R_wrist_ulna", 0.013706814159410134], ["L_ankle", 0.01350564875427269], ["r_thigh2", 0.013187617444953852], ["L_elbow_med", 0.013042095994783726], ["r_knee", 0.01297199168851347], ["r_thigh4", 0.010565910152142968], ["L_wrist_ulna", 0.010155234418940543], ["r_sh2", 0.009830400253689758], ["r_shank_antsup", 0.009827054806278254], ["L_wrist_radius", 0.00953891583107939], ["r_thigh5", 0.009298755955165234], ["L_shank_antsup", 0.0092764527023492], ["r_thigh3", 0.008207672852879717], ["R_HJC_reg", 0.0], ["L_HJC_reg", 0.0], ["L_humerus", 0.0], ["L_forearm", 0.0], ["R_humerus", 0.0], ["R_forearm", 0.0]]}