{"linearResidual": 27.697415820146606, "angularResidual": 6.132651666722055, "numBadDynamicsFrames": 0, "autoAvgRMSE": 0.014084575995737477, "autoAvgMax": 0.029805251896952167, "markerErrors": [["L_knee", 0.02894191712047839], ["r_knee", 0.02550012631200396], ["L.ASIS", 0.023600240579251735], ["R_Shoulder", 0.02350537681616666], ["r_calc", 0.022552863635356815], ["R_elbow_med", 0.02172719447641694], ["r.ASIS", 0.02107587743512285], ["L_Shoulder", 0.0204209546874471], ["L_calc", 0.019729990203207315], ["L_elbow_lat", 0.01802039935712912], ["R_Sternum", 0.016591458268374572], ["L_thigh4", 0.0164277158414375], ["R_elbow_lat", 0.01618200080777929], ["L_thigh2", 0.01617554296821476], ["L.PSIS", 0.016157364926348495], ["r_ankle", 0.015950315404124078], ["L_Sternum", 0.015763919142607895], ["C7", 0.015483398966923946], ["L_elbow_med", 0.015315073992942352], ["L_thigh1", 0.01459745807630103], ["L_thigh3", 0.014156286596205556], ["r_sh3", 0.014102859926400172], ["L_sh2", 0.013239108044259623], ["r_shank_antsup", 0.013138677950700896], ["r_thigh4", 0.012917317563177936], ["r.PSIS", 0.012595223816416508], ["r_thigh5", 0.011762989168381869], ["L_toe", 0.011529142471992364], ["r_sh2", 0.011015503357497623], ["r_thigh1", 0.010923768399836876], ["L_sh3", 0.010709665847232043], ["r_5meta", 0.010275099936798], ["r_thigh3", 0.010200361446563676], ["L_ankle", 0.009832450568273199], ["r_sh4", 0.009609527939931879], ["L_shank_antsup", 0.009035048787354285], ["r_toe", 0.008992253156791525], ["r_thigh2", 0.008575819130038135], ["L_HJC", 0.008566582251969126], ["R_wrist_radius", 0.006547015472763238], ["L_wrist_radius", 0.006442218143023074], ["R_HJC", 0.006169549888363776], ["R_wrist_ulna", 0.005620590649524857], ["L_5meta", 0.005576034493943081], ["L_wrist_ulna", 0.0047220050141560345], ["R_humerus", 0.0], ["R_forearm", 0.0], ["R_HJC_reg", 0.0], ["L_humerus", 0.0], ["L_forearm", 0.0], ["L_HJC_reg", 0.0]]}