{"linearResidual": 5.771651833351894, "angularResidual": 19.323907763157177, "numBadDynamicsFrames": 0, "autoAvgRMSE": 0.016162305093522365, "autoAvgMax": 0.041620653303003984, "markerErrors": [["CLAV", 0.04165446939727386], ["LACR", 0.03517897688206009], ["RACR", 0.029545181864173445], ["LMT5", 0.02719775621556372], ["RMT5", 0.02468562516726152], ["LMEL", 0.023455637830651542], ["RMEL", 0.019245760820843852], ["RPSI", 0.018998738381784157], ["RTH2", 0.018449928571207922], ["RTH1", 0.018105148558253764], ["RTH3", 0.018023239352451145], ["LTH3", 0.017575361424197196], ["C7", 0.01672550512004791], ["LASI", 0.015413212432624], ["LTH2", 0.015395083462534922], ["RTOE", 0.014656624680569101], ["LTH1", 0.014389167248270567], ["LTOE", 0.014242378563036071], ["RTB1", 0.013810235375697349], ["RASI", 0.013420814728516495], ["LPSI", 0.01320294889603686], ["LTB1", 0.012962672039268316], ["LTB2", 0.01148763325781026], ["LCAL", 0.011190914476665887], ["RTB2", 0.010765593984121906], ["RFAradius", 0.009111068472888664], ["LUA2", 0.009043371608725937], ["RTB3", 0.008816864395977262], ["RCAL", 0.008665630843711223], ["LTB3", 0.007381112178196953], ["LUA1", 0.007231935854118921], ["LUA3", 0.006760316852042802], ["RUA2", 0.006384246021826525], ["RLEL", 0.006308081215998266], ["LFAsuperior", 0.0060043564044819945], ["RUA1", 0.005731735207301668], ["RUA3", 0.005495369774073205], ["LLEL", 0.0053362572463774936], ["LFAradius", 0.0052661806081681015], ["LFAulna", 0.004978364834324841], ["RFAsuperior", 0.004882777216637451], ["RFAulna", 0.004069981454319541]]}