{"linearResidual": 43.97500032324021, "angularResidual": 33.01690414099786, "numBadDynamicsFrames": 0, "autoAvgRMSE": 0.021256391359865668, "autoAvgMax": 0.05963249945348611, "markerErrors": [["R_Shoulder", 0.05221949924826391], ["L_Shoulder", 0.04557116578889275], ["R_elbow_med", 0.037529333177636404], ["r_knee", 0.03565821778604921], ["R_elbow_lat", 0.030208140836423508], ["R_wrist_radius", 0.028882560673056893], ["R_wrist_ulna", 0.028871872891462737], ["L_knee", 0.026790806078953216], ["L_wrist_ulna", 0.025989111294621735], ["L_elbow_med", 0.02595232049321437], ["r.PSIS", 0.024561821203612794], ["r_toe", 0.02455019914932638], ["r_thigh4", 0.02437416936559087], ["r_thigh5", 0.024369521813781134], ["r_thigh1", 0.024289943161879702], ["r_thigh3", 0.023648078083651262], ["r.ASIS", 0.02211998437438673], ["r_thigh2", 0.020333931492853796], ["L_Sternum", 0.020331988459331464], ["L.ASIS", 0.02020181405400405], ["L_elbow_lat", 0.019903730381955524], ["C7", 0.019351124870703004], ["R_Sternum", 0.019070079949153215], ["L.PSIS", 0.018996061016976692], ["r_5meta", 0.01862994528134226], ["L_toe", 0.017811980601260206], ["L_thigh4", 0.017273319963414104], ["L_ankle", 0.017261739649927416], ["r_calc", 0.01696541789853566], ["L_HJC", 0.016883952273927638], ["R_HJC", 0.01685758673162157], ["L_thigh3", 0.01655578242871059], ["L_calc", 0.01585377323076368], ["L_thigh1", 0.01504413525770996], ["L_thigh2", 0.014234569219914601], ["L_sh3", 0.013929952066009653], ["r_sh3", 0.013830622388574776], ["r_shank_antsup", 0.013702870610699804], ["r_ankle", 0.01336254897353985], ["L_sh2", 0.013092578157656949], ["L_5meta", 0.01297363023100948], ["r_sh4", 0.012267243098098037], ["L_shank_antsup", 0.01135213582692088], ["L_wrist_radius", 0.010755147458393389], ["r_sh2", 0.009218138361169144], ["R_forearm", 0.0], ["L_forearm", 0.0], ["L_humerus", 0.0], ["L_HJC_reg", 0.0], ["R_HJC_reg", 0.0], ["R_humerus", 0.0]]}