{"linearResidual": 3.1910839604857464, "angularResidual": 49.28054863816647, "numBadDynamicsFrames": 0, "autoAvgRMSE": 0.013011304396412082, "autoAvgMax": 0.028952026788799354, "markerErrors": [["RTOE", 0.021745347135920808], ["LMT5", 0.018618974852933293], ["RMT5", 0.018380428070477857], ["C7", 0.01830002841664415], ["CLAV", 0.01793481174709971], ["RTH2", 0.01735296375120437], ["LTH2", 0.01706707759041245], ["LTB2", 0.016608477848875227], ["RTH3", 0.016464746629743194], ["LTOE", 0.016103621042128598], ["RTH1", 0.01585822838237818], ["RTB1", 0.014775747592395585], ["LTH1", 0.014671405487416094], ["LTH3", 0.014486687381184164], ["LMEL", 0.014045980956514829], ["LTB3", 0.013804163660136716], ["RACR", 0.01375915373569342], ["RPSI", 0.013689170032270548], ["LLEL", 0.012661369279364771], ["RTB2", 0.012618160254909163], ["RASI", 0.012254907188472879], ["LASI", 0.012179307000326708], ["RLEL", 0.012001665652135727], ["LUA1", 0.011668590756432], ["RMEL", 0.011287719966903722], ["LTB1", 0.01107246597781727], ["RUA1", 0.010816770227765723], ["LCAL", 0.010786254353241369], ["LPSI", 0.01025473801221473], ["RCAL", 0.010086557484267239], ["RUA2", 0.01002167575608077], ["RTB3", 0.009882663892384813], ["LUA2", 0.008963411304081207], ["LACR", 0.008853808129943758], ["LFAradius", 0.008283030338950578], ["RUA3", 0.007900516035887812], ["LUA3", 0.0076833951702508655], ["RFAulna", 0.006769782852667196], ["RFAsuperior", 0.006506411809054412], ["LFAsuperior", 0.005678890375966259], ["LFAulna", 0.005178649123374327], ["RFAradius", 0.004839429258684871]]}