{"linearResidual": 3.7097068642853746, "angularResidual": 6.402294683784571, "numBadDynamicsFrames": 0, "autoAvgRMSE": 0.017444015303795517, "autoAvgMax": 0.04225933694578871, "markerErrors": [["L.PSIS", 0.04145143157454727], ["L_Shoulder", 0.04030016399588147], ["r.PSIS", 0.03776682966533154], ["R_elbow_med", 0.03579855361789139], ["L_elbow_lat", 0.03351161665335183], ["R_Shoulder", 0.0278678798656979], ["L_5meta", 0.024343876635539993], ["R_elbow_lat", 0.021085454291697836], ["r_ankle", 0.01796405777599093], ["r_toe", 0.017758060506244226], ["L_thigh1", 0.017228852301570643], ["R_wrist_radius", 0.017112756038875854], ["L_Sternum", 0.0165873214647251], ["L_thigh4", 0.016502141962244157], ["C7", 0.015946340840557478], ["L_thigh3", 0.015751285330074926], ["L_thigh2", 0.01553462433828577], ["L_calc", 0.015329224484929125], ["L_HJC", 0.015012957583773882], ["r_calc", 0.01473956705226805], ["R_Sternum", 0.014571260922058082], ["L_ankle", 0.014352747784624182], ["r_knee", 0.014161700569203961], ["L_knee", 0.013828516760203453], ["r_thigh1", 0.013747933124152093], ["r_thigh2", 0.013663943286970244], ["r_5meta", 0.013545537219333622], ["R_HJC", 0.013418359479902074], ["r.ASIS", 0.013183777938893906], ["L_sh2", 0.012894572164911624], ["L_sh3", 0.012265845817208354], ["r_sh3", 0.01173856612506656], ["L_toe", 0.011584240250991524], ["L_elbow_med", 0.01121746385366564], ["L.ASIS", 0.011167505529092413], ["r_sh4", 0.011006249971290159], ["R_wrist_ulna", 0.010016116667684047], ["r_thigh3", 0.009810883018237798], ["r_thigh4", 0.009789937731781134], ["L_wrist_ulna", 0.009270882333687126], ["r_thigh5", 0.00824758793806315], ["L_wrist_radius", 0.007945674895564511], ["L_shank_antsup", 0.007908912635324547], ["r_shank_antsup", 0.007328798024384449], ["r_sh2", 0.006620205123230729], ["L_forearm", 0.0], ["L_humerus", 0.0], ["R_humerus", 0.0], ["L_HJC_reg", 0.0], ["R_forearm", 0.0], ["R_HJC_reg", 0.0]]}