{"linearResidual": 5.199656014529975, "angularResidual": 38.58849840385699, "numBadDynamicsFrames": 0, "autoAvgRMSE": 0.015503593924380133, "autoAvgMax": 0.03597670585758222, "markerErrors": [["CLAV", 0.034988423108318414], ["RACR", 0.032973192730215546], ["LACR", 0.030159517882484478], ["LMT5", 0.026455311827490002], ["RMT5", 0.02407976390196287], ["LTH2", 0.020700304215839037], ["RTH3", 0.01892199796184062], ["LTH1", 0.018577257770965035], ["LTOE", 0.01753353881168576], ["RTB2", 0.017099602107884932], ["RPSI", 0.016951823003414117], ["LTH3", 0.016802588754610614], ["RTH1", 0.01624912824137996], ["LPSI", 0.015805580923128962], ["RTB1", 0.01541576110082674], ["LTB2", 0.014943385696756444], ["LTB1", 0.014253562122686506], ["RCAL", 0.013136401823868767], ["LMEL", 0.012040952977293568], ["LCAL", 0.01198985374449377], ["RTB3", 0.011952887273963972], ["RTOE", 0.011308546459752355], ["RLEL", 0.011018876080674011], ["C7", 0.010357495494226555], ["LTB3", 0.010119234114301984], ["RUA3", 0.00978112379364517], ["LLEL", 0.009649252634389987], ["RUA2", 0.009243361880160247], ["RASI", 0.009155987341005683], ["RUA1", 0.009101256966579707], ["LUA3", 0.008619762682833895], ["RMEL", 0.00847329506459166], ["LASI", 0.008126873821604898], ["LUA2", 0.0069812689805536276], ["LUA1", 0.006681347315660826], ["LFAradius", 0.005956461293855719], ["RFAsuperior", 0.005422377537780928], ["LFAsuperior", 0.005216782278837376], ["RFAradius", 0.005088232200516395], ["RFAulna", 0.004629656127319396], ["LFAulna", 0.004158975129339631]]}