{"linearResidual": 3.7403303747454113, "angularResidual": 36.85808646264717, "numBadDynamicsFrames": 0, "autoAvgRMSE": 0.020919160570728835, "autoAvgMax": 0.05127686707105479, "markerErrors": [["R_wrist_ulna", 0.044456563391993935], ["L_knee", 0.038134312292146255], ["R_wrist_radius", 0.03778589066464432], ["L_Shoulder", 0.036102059288688815], ["r_knee", 0.03542155552817942], ["C7", 0.03477183838298633], ["L_wrist_ulna", 0.03220274810547991], ["R_elbow_med", 0.02967744230662149], ["L_wrist_radius", 0.02942057891431009], ["L_elbow_lat", 0.028434412904081982], ["L_calc", 0.027073072280856793], ["L_Sternum", 0.026673073828711275], ["R_Shoulder", 0.025588027847288974], ["r.ASIS", 0.02510487278637442], ["R_Sternum", 0.02504651839423392], ["L_elbow_med", 0.024843693965616243], ["R_elbow_lat", 0.023373035982753032], ["r_calc", 0.02298246881438049], ["L.ASIS", 0.02244312763613442], ["L.PSIS", 0.019145869718964564], ["r.PSIS", 0.018405722944123754], ["L_ankle", 0.017823668350979767], ["r_ankle", 0.015344689560441391], ["r_thigh3", 0.014796978568709214], ["L_thigh1", 0.014686533926277827], ["L_sh2", 0.014623752407411629], ["L_shank_antsup", 0.014619755649185698], ["L_HJC", 0.013901120951022418], ["L_thigh2", 0.013884105144738887], ["r_thigh2", 0.013668673468336423], ["L_thigh4", 0.013439765883155026], ["r_thigh5", 0.013285151258117647], ["r_sh3", 0.012964980196859812], ["L_thigh3", 0.012662806136829751], ["r_thigh1", 0.0122829041906481], ["r_toe", 0.011632938518761913], ["R_HJC", 0.011470798837734037], ["L_toe", 0.011450759648504047], ["r_thigh4", 0.010817889949583954], ["r_shank_antsup", 0.010776746349481987], ["L_5meta", 0.01062075127884554], ["r_sh4", 0.010598738659702128], ["L_sh3", 0.010479372868869179], ["r_5meta", 0.009751723095427028], ["r_sh2", 0.008220129239895296], ["R_humerus", 0.0], ["R_forearm", 0.0], ["R_HJC_reg", 0.0], ["L_humerus", 0.0], ["L_forearm", 0.0], ["L_HJC_reg", 0.0]]}