{"linearResidual": 4.495370005742602, "angularResidual": 9.050558397150146, "numBadDynamicsFrames": 0, "autoAvgRMSE": 0.014217999280051515, "autoAvgMax": 0.02998995727061072, "markerErrors": [["R_Shoulder", 0.027663788902884272], ["r_calc", 0.0231804817214395], ["r.ASIS", 0.022738335604209594], ["L.ASIS", 0.02269249155185399], ["r_knee", 0.022321362408986006], ["r.PSIS", 0.0197944028970524], ["L_elbow_lat", 0.0185185997489841], ["r_thigh1", 0.01834793997343563], ["L_Shoulder", 0.018238468561295466], ["L_thigh2", 0.01764474066314832], ["L_wrist_ulna", 0.0174145332734844], ["L_knee", 0.016793921866618246], ["L_thigh1", 0.01673083872217742], ["R_elbow_lat", 0.01641764748254702], ["L.PSIS", 0.016293916706996574], ["L_calc", 0.015569720807660479], ["r_5meta", 0.015030516685009359], ["R_wrist_ulna", 0.014900738187247528], ["L_thigh4", 0.014719177349191839], ["L_Sternum", 0.014394705286504278], ["R_Sternum", 0.014102821157913689], ["L_thigh3", 0.014080652932696402], ["r_thigh2", 0.013990418714899162], ["r_thigh3", 0.013797861329018378], ["r_thigh4", 0.013740916611863066], ["C7", 0.013478184257178623], ["r_sh3", 0.01313045028969742], ["R_HJC", 0.012669969170923523], ["L_ankle", 0.012630136980080744], ["R_wrist_radius", 0.012499324773259346], ["r_thigh5", 0.012206447410323515], ["R_elbow_med", 0.011609293294093942], ["L_elbow_med", 0.011496337354046446], ["r_sh4", 0.011448845145150797], ["r_ankle", 0.011428344527572786], ["r_toe", 0.010489525400202532], ["L_HJC", 0.010328082661333487], ["L_toe", 0.010189007531171218], ["L_5meta", 0.010120197977078003], ["L_wrist_radius", 0.010107374450985071], ["r_shank_antsup", 0.010082222035636067], ["L_sh2", 0.009259688449728616], ["L_shank_antsup", 0.008739864586444171], ["L_sh3", 0.007886823151937918], ["r_sh2", 0.007712393363313067], ["L_forearm", 0.0], ["L_humerus", 0.0], ["L_HJC_reg", 0.0], ["R_humerus", 0.0], ["R_forearm", 0.0], ["R_HJC_reg", 0.0]]}