{"linearResidual": 154.55884576611479, "angularResidual": 69.75240057179508, "numBadDynamicsFrames": 0, "autoAvgRMSE": 0.020588368209148254, "autoAvgMax": 0.05348355382547693, "markerErrors": [["R_Shoulder", 0.05246462868569327], ["L_Shoulder", 0.048264024866538906], ["r_thigh5", 0.030611116096117334], ["r_thigh4", 0.030273626016309597], ["L_thigh3", 0.028263916567750867], ["r_thigh3", 0.028028932453362874], ["r_knee", 0.028017928372089006], ["r_thigh1", 0.026935661662950455], ["L_knee", 0.02654560093347754], ["L_elbow_lat", 0.02521669469625282], ["R_elbow_med", 0.025179390869304718], ["L_thigh4", 0.024797388790495603], ["R_elbow_lat", 0.024586152531362798], ["r_thigh2", 0.023575806189612306], ["L_thigh1", 0.022536726250163803], ["L_elbow_med", 0.021962387480044466], ["r_calc", 0.020957351511303193], ["r_sh3", 0.02065287797211617], ["L_calc", 0.020464418397142838], ["L_thigh2", 0.020281933029033042], ["r.ASIS", 0.02017741482285319], ["L.PSIS", 0.01926567759696192], ["L.ASIS", 0.01922611017035948], ["L_wrist_ulna", 0.019170906976520456], ["L_sh2", 0.018156769412593882], ["L_Sternum", 0.017884858282456693], ["r_sh4", 0.01768610524201488], ["L_sh3", 0.017472884904907292], ["r.PSIS", 0.017300976505430558], ["r_toe", 0.016510954766915043], ["L_wrist_radius", 0.016471662728427316], ["R_Sternum", 0.0164432335061738], ["R_wrist_ulna", 0.015732173135637517], ["r_shank_antsup", 0.015235368311716681], ["r_sh2", 0.014696979575390075], ["C7", 0.014394701865344233], ["r_ankle", 0.013420647487121172], ["L_ankle", 0.012599752032346399], ["r_5meta", 0.012470116573830044], ["L_toe", 0.012197944409248127], ["L_shank_antsup", 0.011755582257037031], ["R_HJC", 0.01124195113122278], ["L_HJC", 0.01105181165224304], ["R_wrist_radius", 0.01036434775223657], ["L_5meta", 0.009153470919337263], ["R_HJC_reg", 0.0], ["L_humerus", 0.0], ["L_forearm", 0.0], ["R_humerus", 0.0], ["L_HJC_reg", 0.0], ["R_forearm", 0.0]]}