{"linearResidual": 31.65272996280481, "angularResidual": 7.91389885196412, "numBadDynamicsFrames": 0, "autoAvgRMSE": 0.023847801422041095, "autoAvgMax": 0.06091157267988284, "markerErrors": [["R_wrist_ulna", 0.061138951387297476], ["R_wrist_radius", 0.05703739473238228], ["L_wrist_ulna", 0.05269309414014019], ["L_wrist_radius", 0.04761965678523669], ["C7", 0.045290150049945584], ["L.ASIS", 0.033830098727000525], ["L_elbow_lat", 0.03227880749619422], ["r.ASIS", 0.03220257420602523], ["L_knee", 0.03198111067597531], ["L_Shoulder", 0.030745995000666593], ["r_knee", 0.030146306451940615], ["R_elbow_med", 0.02682443498724813], ["R_elbow_lat", 0.025667922161387576], ["R_Shoulder", 0.024745957904915915], ["L_Sternum", 0.023801188569984467], ["L_calc", 0.02299004774977226], ["R_Sternum", 0.022311388137411646], ["L_elbow_med", 0.02080312389566413], ["r_thigh1", 0.020292528789547033], ["r_thigh4", 0.01986372685835113], ["r.PSIS", 0.01826399488639564], ["L_thigh1", 0.018111924287248816], ["L_HJC", 0.016576157647640033], ["L_thigh2", 0.016400964484797716], ["r_thigh2", 0.016356178511792864], ["R_HJC", 0.015987963505796714], ["L_shank_antsup", 0.015472814225253899], ["L_ankle", 0.015239411728889188], ["L.PSIS", 0.015181141116799208], ["r_calc", 0.014661674289042732], ["r_thigh3", 0.014089621556460506], ["L_sh2", 0.01314694596930545], ["r_ankle", 0.011941230561046368], ["L_thigh3", 0.011722147013978628], ["r_thigh5", 0.010419279829456344], ["L_thigh4", 0.009852847474379351], ["L_sh3", 0.009802186830556395], ["r_toe", 0.008620054566342357], ["r_5meta", 0.008616812734923181], ["r_sh3", 0.008361432324162569], ["L_5meta", 0.007464473758355418], ["L_toe", 0.007004871847830297], ["r_shank_antsup", 0.006848051931066032], ["r_sh4", 0.006746698762229409], ["r_sh2", 0.006537781876268756], ["L_forearm", 0.0], ["L_humerus", 0.0], ["L_HJC_reg", 0.0], ["R_humerus", 0.0], ["R_forearm", 0.0], ["R_HJC_reg", 0.0]]}