{"linearResidual": 43.476921378169244, "angularResidual": 12.25959522113752, "numBadDynamicsFrames": 0, "autoAvgRMSE": 0.015792623570822065, "autoAvgMax": 0.043101188319019754, "markerErrors": [["C7", 0.04288933063325748], ["L_elbow_lat", 0.028788664419778447], ["r.ASIS", 0.027160502729825314], ["L_Shoulder", 0.02628723243948647], ["L.ASIS", 0.024018430325779355], ["L_elbow_med", 0.022844689929563365], ["L_knee", 0.022757488214895188], ["R_Shoulder", 0.022543940336649863], ["r_thigh1", 0.01899425915285983], ["R_elbow_med", 0.018075577447235463], ["L_sh2", 0.018075396029934045], ["R_elbow_lat", 0.01766899096233774], ["r_ankle", 0.017138879604985738], ["L_thigh2", 0.01656166823727527], ["L.PSIS", 0.016544215947996304], ["L_thigh1", 0.016102691206125005], ["L_thigh4", 0.015926756649065687], ["r.PSIS", 0.015359488065050187], ["L_thigh3", 0.015334683278896458], ["r_thigh4", 0.014696036870964952], ["r_knee", 0.014638149542602093], ["r_calc", 0.014260460601958416], ["L_calc", 0.014182028675382204], ["L_ankle", 0.01407528779334106], ["r_sh3", 0.013826140551734986], ["r_sh4", 0.013265660474285736], ["L_sh3", 0.012920723801507179], ["L_HJC", 0.012654045482059787], ["R_wrist_radius", 0.012164352105340073], ["r_shank_antsup", 0.011663088237618349], ["R_HJC", 0.011616990532488186], ["r_thigh2", 0.010775093480239695], ["r_thigh3", 0.010547418815969366], ["L_shank_antsup", 0.010466471169612378], ["r_sh2", 0.01045027541825939], ["r_thigh5", 0.01035735561493663], ["R_wrist_ulna", 0.009956558207254511], ["L_5meta", 0.00985405294337589], ["r_5meta", 0.009801842557564265], ["r_toe", 0.00968415235307235], ["R_Sternum", 0.009674198268873455], ["L_toe", 0.009627346854012802], ["L_Sternum", 0.00806534584051425], ["L_wrist_radius", 0.005713932868014889], ["L_wrist_ulna", 0.005457059871504971], ["L_humerus", 0.0], ["L_forearm", 0.0], ["L_HJC_reg", 0.0], ["R_HJC_reg", 0.0], ["R_humerus", 0.0], ["R_forearm", 0.0]]}