{"linearResidual": 2.5978811176709886e-10, "angularResidual": 94.3754700266329, "numBadDynamicsFrames": 0, "autoAvgRMSE": 0.01888788416823283, "autoAvgMax": 0.041007453492492366, "markerErrors": [["R_Shoulder", 0.03735216853107301], ["L_Shoulder", 0.0327363317630354], ["L.PSIS", 0.025966899314716952], ["L_elbow_lat", 0.02546956377822119], ["L.ASIS", 0.023737891205543753], ["L_knee", 0.02340535227621666], ["L_elbow_med", 0.02340301971858939], ["L_thigh1", 0.023067134418463184], ["r_sh4", 0.02288864921322399], ["r_sh3", 0.022852705691709954], ["r_ankle", 0.022462876265021307], ["r_toe", 0.022212639264716127], ["r_knee", 0.022098354793415605], ["L_sh2", 0.02198306741131222], ["L_thigh2", 0.020627647046350558], ["r.PSIS", 0.0204648351393656], ["L_toe", 0.0199811221831095], ["R_elbow_med", 0.019811121516722117], ["L_sh3", 0.019688056613696974], ["L_Sternum", 0.019618088395420064], ["r.ASIS", 0.019537356632058078], ["L_ankle", 0.019379059253280383], ["R_Sternum", 0.01906903857102034], ["r_thigh5", 0.019054577819908006], ["r_thigh2", 0.01897540788653421], ["r_thigh3", 0.0188179689553217], ["r_5meta", 0.018589499776498212], ["r_calc", 0.01858281119749061], ["L_thigh4", 0.0184934806111199], ["L_thigh3", 0.01837936207243809], ["C7", 0.018360385841932843], ["r_thigh1", 0.018113366851429162], ["L_5meta", 0.018066498613168242], ["L_calc", 0.01794233772598738], ["r_thigh4", 0.017851011250859382], ["r_shank_antsup", 0.017827683311651105], ["R_HJC", 0.017576552075746557], ["r_sh2", 0.01608257156006202], ["R_elbow_lat", 0.01602026961578331], ["L_shank_antsup", 0.015260806459512808], ["R_wrist_ulna", 0.014522509382794898], ["L_wrist_ulna", 0.01353801164469049], ["L_HJC", 0.013253138411065405], ["R_wrist_radius", 0.011083903464589016], ["L_wrist_radius", 0.010188264747224715], ["R_forearm", 0.0], ["L_HJC_reg", 0.0], ["R_humerus", 0.0], ["L_forearm", 0.0], ["R_HJC_reg", 0.0], ["L_humerus", 0.0]]}