{"linearResidual": 7.3430612929680406, "angularResidual": 7.855286028663261, "numBadDynamicsFrames": 0, "autoAvgRMSE": 0.014236249464707048, "autoAvgMax": 0.03736200758301587, "markerErrors": [["L_Shoulder", 0.030093510448042107], ["C7", 0.03005056982440503], ["L.PSIS", 0.0243609792815262], ["R_Shoulder", 0.024302158975914753], ["L_knee", 0.02291789897913882], ["r.ASIS", 0.02233219031490459], ["r_calc", 0.021255560438498713], ["r.PSIS", 0.02041999396542857], ["r_knee", 0.020164625677961075], ["R_elbow_med", 0.019737953419911705], ["L_Sternum", 0.01955937114131185], ["L.ASIS", 0.019225848862205738], ["L_thigh1", 0.017770797915434264], ["L_calc", 0.017596497677075086], ["L_toe", 0.016724680162346118], ["R_Sternum", 0.016274525278787883], ["L_shank_antsup", 0.015047534067363241], ["L_HJC", 0.0147883699213828], ["R_elbow_lat", 0.014780763118551447], ["L_thigh2", 0.014581873863440882], ["L_thigh3", 0.014168300871692765], ["L_sh2", 0.013671929750082584], ["R_wrist_ulna", 0.012481741205988184], ["R_HJC", 0.012212806019100861], ["r_thigh4", 0.011854874327322127], ["r_ankle", 0.01122786859509343], ["L_elbow_med", 0.010986947081249601], ["L_thigh4", 0.01090741431276648], ["L_elbow_lat", 0.00974504883333121], ["r_thigh5", 0.009175389174065306], ["r_shank_antsup", 0.009043740549639547], ["L_sh3", 0.008409170886667731], ["r_5meta", 0.008018451946560083], ["L_ankle", 0.007843345542684165], ["r_sh3", 0.007785351734182235], ["R_wrist_radius", 0.007750708720757644], ["r_thigh3", 0.006933237658480976], ["r_thigh2", 0.00657734413709899], ["r_toe", 0.005962514227408819], ["r_thigh1", 0.005903261618656235], ["L_wrist_ulna", 0.005847281817184643], ["L_wrist_radius", 0.005663461220520136], ["r_sh2", 0.005590371760860656], ["L_5meta", 0.005565643498139812], ["r_sh4", 0.005071887643103832], ["L_HJC_reg", 0.0], ["R_humerus", 0.0], ["R_forearm", 0.0], ["L_forearm", 0.0], ["L_humerus", 0.0], ["R_HJC_reg", 0.0]]}