{"linearResidual": 5.784715741112405, "angularResidual": 49.86497238890664, "numBadDynamicsFrames": 0, "autoAvgRMSE": 0.017834318213746415, "autoAvgMax": 0.038611251523162256, "markerErrors": [["LMT5", 0.03550190669220063], ["C7", 0.029068489960687376], ["RMT5", 0.027855724825021248], ["LPSI", 0.027786582211672444], ["RPSI", 0.027323807369028966], ["LTOE", 0.025953648586293513], ["RACR", 0.023966787765024086], ["CLAV", 0.022941996897491383], ["RMEL", 0.02106523106896897], ["LTH2", 0.019879952658421154], ["RTH2", 0.018815959907286198], ["RLEL", 0.0183729616868033], ["RTOE", 0.018233607352063], ["LTB1", 0.0177418779256762], ["RASI", 0.017576475361596785], ["LACR", 0.017209873346949324], ["LTH3", 0.017015848438280624], ["LUA1", 0.0166181339969375], ["LTH1", 0.016476466208557604], ["RTH1", 0.016212207344615457], ["LMEL", 0.016161820033508353], ["RTH3", 0.015467761906953169], ["LLEL", 0.015269334979219356], ["LTB3", 0.01490392249379024], ["LCAL", 0.014834579967678016], ["RCAL", 0.014488473985945743], ["LUA2", 0.014278726028143637], ["LASI", 0.014055759329206035], ["RUA2", 0.013739458008497003], ["LTB2", 0.013677974288550577], ["LFAradius", 0.01206213989835455], ["RTB3", 0.01181319401563252], ["LUA3", 0.011505462674891113], ["RUA1", 0.01112019686418604], ["RUA3", 0.010279316547822817], ["RTB2", 0.01017309727317576], ["RFAradius", 0.009634171461494721], ["RTB1", 0.009633854950300101], ["LFAsuperior", 0.008700971076652929], ["LFAulna", 0.008657683298201645], ["RFAulna", 0.008423073784529826], ["RFAsuperior", 0.008412269504008413]]}