{"linearResidual": 5.502180561407558, "angularResidual": 56.757815110402966, "numBadDynamicsFrames": 0, "autoAvgRMSE": 0.018563592004224513, "autoAvgMax": 0.04876119166932095, "markerErrors": [["LMT5", 0.041722484295491816], ["LTOE", 0.038837067162872524], ["RMT5", 0.038583122888128166], ["LCAL", 0.02560715075589532], ["C7", 0.02421012855315151], ["LTH3", 0.02311326345137879], ["RCAL", 0.021338920579324155], ["LTH2", 0.021038536935431666], ["RTOE", 0.020875954141975923], ["LTB2", 0.02071308719011394], ["LTB1", 0.0198098745222496], ["RTH3", 0.019793494188119137], ["RTB2", 0.018653338113732106], ["RTH2", 0.018323244320779468], ["LTB3", 0.018208041046319012], ["RTB1", 0.018138300975876983], ["RMEL", 0.017254159896857246], ["RTB3", 0.01723920339130639], ["LUA1", 0.015901264001604853], ["LMEL", 0.015808795109361746], ["RPSI", 0.015162087000720146], ["LUA2", 0.014996355918002482], ["RACR", 0.014715458180354348], ["LPSI", 0.014152794240872329], ["RASI", 0.014121896130123173], ["RTH1", 0.01394911089018875], ["LTH1", 0.013636124043704952], ["LASI", 0.013586471484792983], ["RUA2", 0.013558738591058836], ["LUA3", 0.012880405943502862], ["RUA1", 0.012485736947969058], ["RUA3", 0.012193646732092205], ["LACR", 0.011868332580302845], ["CLAV", 0.011559250083138574], ["RLEL", 0.009977608743676175], ["LLEL", 0.009861142104632244], ["LFAsuperior", 0.008926091502450668], ["LFAulna", 0.008694221090990087], ["RFAradius", 0.008666906932396927], ["RFAsuperior", 0.008346356098686778], ["LFAradius", 0.008204640712296435], ["RFAulna", 0.006539669372379537]]}