{"linearResidual": 3.1231297987055275, "angularResidual": 12.097658363715437, "numBadDynamicsFrames": 0, "autoAvgRMSE": 0.012020540660362495, "autoAvgMax": 0.028258609623885815, "markerErrors": [["C7", 0.02585080041481942], ["LMT5", 0.023623460575983784], ["RACR", 0.01890588896777994], ["RASI", 0.018873999206565375], ["CLAV", 0.018621212186622906], ["LACR", 0.017590116126066414], ["LTOE", 0.01735070444263074], ["LPSI", 0.016403403315511766], ["RMT5", 0.014361358689547746], ["RLEL", 0.01380190816466291], ["LTH3", 0.01354578487015266], ["LASI", 0.013500794187108763], ["LTH1", 0.012412303863446283], ["RTH3", 0.011600879847841722], ["LTB1", 0.010783616106655364], ["RMEL", 0.010517581958431345], ["RTOE", 0.010204079487823873], ["RCAL", 0.010201218696473042], ["LUA1", 0.009841359676885772], ["RPSI", 0.009508445827459728], ["LLEL", 0.009279505045173666], ["LTH2", 0.009090439765015501], ["RTH2", 0.009074921053161135], ["RTB2", 0.009027908008449844], ["RTH1", 0.008957131648908608], ["RFAradius", 0.008895102781495998], ["RUA1", 0.008779428245347429], ["LTB2", 0.008736667452286448], ["LMEL", 0.008311747380932462], ["LCAL", 0.008254855518614532], ["RTB1", 0.007579901051867073], ["RTB3", 0.007416871244253199], ["LUA2", 0.007260156683503656], ["LUA3", 0.007206132127858931], ["RUA3", 0.006888994075322985], ["RUA2", 0.006746869494080246], ["LFAradius", 0.006272517464345042], ["LTB3", 0.006249970327801974], ["LFAsuperior", 0.006146552663944177], ["RFAsuperior", 0.005830652716208602], ["RFAulna", 0.005455224276795743], ["LFAulna", 0.004422358309403183]]}