{"linearResidual": 4.682817323893497, "angularResidual": 9.766280436029938, "numBadDynamicsFrames": 0, "autoAvgRMSE": 0.018096691123029515, "autoAvgMax": 0.03773673215690629, "markerErrors": [["R_elbow_med", 0.03395629171849956], ["R_elbow_lat", 0.03261995722232664], ["R_Shoulder", 0.03135102747001489], ["L_Shoulder", 0.029741146211337974], ["r.ASIS", 0.02863063227569679], ["L_elbow_lat", 0.026330129191037416], ["L.ASIS", 0.025414877933874574], ["r_knee", 0.02280513927254054], ["L_5meta", 0.02195709163184414], ["L_HJC", 0.021424823119045474], ["L_thigh1", 0.021301457777963297], ["L_thigh2", 0.021010507802492577], ["R_wrist_radius", 0.020239202519229386], ["L.PSIS", 0.020164937304387575], ["L_thigh3", 0.019918877393623257], ["L_Sternum", 0.019554438877275704], ["L_calc", 0.019452729514202148], ["r_ankle", 0.019269738970527608], ["C7", 0.019235406218133185], ["L_knee", 0.019003375763925308], ["L_elbow_med", 0.018616011318379554], ["L_ankle", 0.017971302522162412], ["R_Sternum", 0.017849102927341848], ["R_HJC", 0.01755852962876039], ["r_5meta", 0.01688429435682864], ["r_toe", 0.01648325198003553], ["r_thigh2", 0.0163685409297485], ["r.PSIS", 0.016229272641322838], ["r_sh3", 0.016188825817719528], ["L_toe", 0.016013212795343908], ["r_calc", 0.01589876523421404], ["L_thigh4", 0.014780494883780035], ["r_thigh1", 0.014573549572650375], ["r_thigh3", 0.014397639427746967], ["R_wrist_ulna", 0.013612882344770967], ["r_sh4", 0.012939242800106176], ["r_thigh4", 0.012460524868399785], ["r_thigh5", 0.012177077081203259], ["L_sh2", 0.012144469965163144], ["r_shank_antsup", 0.011496765206502139], ["L_sh3", 0.011482347803001447], ["L_shank_antsup", 0.010368955748915358], ["L_wrist_radius", 0.010310037144156847], ["r_sh2", 0.009729564280713867], ["L_wrist_ulna", 0.008085828481124114], ["L_HJC_reg", 0.0], ["L_forearm", 0.0], ["L_humerus", 0.0], ["R_humerus", 0.0], ["R_forearm", 0.0], ["R_HJC_reg", 0.0]]}