{"linearResidual": 64.70063980949836, "angularResidual": 11.493560202314246, "numBadDynamicsFrames": 0, "autoAvgRMSE": 0.016560388081690997, "autoAvgMax": 0.05535689990312093, "markerErrors": [["C7", 0.055407285795705995], ["L_Shoulder", 0.03330826238473207], ["L_elbow_lat", 0.028724591439823435], ["R_elbow_med", 0.02646347057688825], ["L.ASIS", 0.02348450506666674], ["r.ASIS", 0.022165285890344544], ["L_elbow_med", 0.02146133588721001], ["L_knee", 0.021129731327806975], ["L_thigh1", 0.02082213310241598], ["R_Shoulder", 0.02076842245066895], ["L_sh2", 0.019350963587746132], ["L_thigh2", 0.019178808766633117], ["r_ankle", 0.017676518894739937], ["L_calc", 0.017440399267599323], ["R_elbow_lat", 0.017280912812256643], ["L_thigh3", 0.016516889483066014], ["L_ankle", 0.01608614744403487], ["r_calc", 0.016081840690503047], ["L.PSIS", 0.01597565903466592], ["L_thigh4", 0.015626669015632363], ["L_sh3", 0.013488617548394883], ["r_knee", 0.013257730672504528], ["r.PSIS", 0.01296035618632375], ["r_thigh4", 0.012879153549380701], ["r_thigh1", 0.012566431574616505], ["r_sh3", 0.011899641822896434], ["R_HJC", 0.011790190335249598], ["L_5meta", 0.011629097539113925], ["L_Sternum", 0.011367952802489093], ["r_sh4", 0.011281604743808791], ["L_shank_antsup", 0.010736873586817016], ["L_HJC", 0.010719301525550541], ["R_Sternum", 0.009531852376981308], ["L_toe", 0.009237407070524733], ["r_thigh3", 0.009233074127798517], ["r_thigh5", 0.009018168384834586], ["r_shank_antsup", 0.008924471701803277], ["R_wrist_radius", 0.008699163821414235], ["r_thigh2", 0.00867102551496857], ["r_sh2", 0.008097685864760043], ["r_toe", 0.0075164223531840445], ["r_5meta", 0.0073972232136054195], ["R_wrist_ulna", 0.006042175624421395], ["L_wrist_ulna", 0.005280626465599537], ["L_wrist_radius", 0.005270911599240445], ["L_forearm", 0.0], ["L_HJC_reg", 0.0], ["L_humerus", 0.0], ["R_humerus", 0.0], ["R_forearm", 0.0], ["R_HJC_reg", 0.0]]}