{"linearResidual": 2.0977931163362717e-10, "angularResidual": 97.4161309242093, "numBadDynamicsFrames": 0, "autoAvgRMSE": 0.019051266077236603, "autoAvgMax": 0.040923790710755734, "markerErrors": [["R_Shoulder", 0.035812305787864256], ["L_Shoulder", 0.03189491119335945], ["L_elbow_med", 0.02980293817341599], ["L_elbow_lat", 0.029223318980855985], ["L.PSIS", 0.02730235293221926], ["L_sh2", 0.024337096255881735], ["L_knee", 0.024322481884278026], ["r.PSIS", 0.023600019594341614], ["R_elbow_med", 0.02353361271760854], ["L.ASIS", 0.02326271692585078], ["L_toe", 0.02222337853162229], ["r_knee", 0.021782497975841503], ["r_ankle", 0.02176989018569363], ["r_toe", 0.021741712124084083], ["L_sh3", 0.02146969024884968], ["L_5meta", 0.02108542843741224], ["L_ankle", 0.021021298829475225], ["r.ASIS", 0.020960873165548878], ["r_sh4", 0.02083711896787545], ["r_sh3", 0.020495384337706472], ["r_thigh5", 0.01943989890185001], ["L_thigh1", 0.019371296663652837], ["R_elbow_lat", 0.019053002689399495], ["r_calc", 0.019015759353001933], ["r_thigh2", 0.018721374974207717], ["L_calc", 0.018668529494515397], ["r_thigh3", 0.018606495995212812], ["L_thigh2", 0.01853701246498775], ["r_thigh4", 0.01834591055450284], ["r_5meta", 0.017851863213029184], ["r_thigh1", 0.017597435933480093], ["C7", 0.017458453804651174], ["L_thigh4", 0.017364182827943563], ["L_shank_antsup", 0.017197336085026087], ["L_Sternum", 0.01698879213510071], ["L_thigh3", 0.016909924838272004], ["L_wrist_ulna", 0.016637761738125964], ["R_HJC", 0.016624339377019043], ["r_shank_antsup", 0.01659527079768903], ["R_wrist_ulna", 0.016022581042118855], ["r_sh2", 0.015634875709635888], ["R_Sternum", 0.014946789505168019], ["R_wrist_radius", 0.012953190791611079], ["L_HJC", 0.012858596494625493], ["L_wrist_radius", 0.012339049094210486], ["R_humerus", 0.0], ["L_HJC_reg", 0.0], ["L_humerus", 0.0], ["R_forearm", 0.0], ["R_HJC_reg", 0.0], ["L_forearm", 0.0]]}