{"linearResidual": 5.931341653595686, "angularResidual": 10.40659004809219, "numBadDynamicsFrames": 0, "autoAvgRMSE": 0.019931467093547026, "autoAvgMax": 0.041781574345728045, "markerErrors": [["C7", 0.037086136014553045], ["L.ASIS", 0.03685336490943695], ["r_thigh2", 0.029561217930067503], ["r_calc", 0.029308989242355605], ["r_thigh3", 0.028766962388053298], ["L_thigh2", 0.02848833422677864], ["r_5meta", 0.028288232775129336], ["r_thigh4", 0.028025903582782643], ["r_thigh1", 0.027248055472292993], ["L_elbow_lat", 0.02713788597204518], ["r_thigh5", 0.02654841561071409], ["R_elbow_lat", 0.025906287344510243], ["R_Shoulder", 0.025078013247613475], ["r_ankle", 0.024104472180403767], ["L_thigh4", 0.023871355082163676], ["L_Sternum", 0.023724678467259196], ["r_shank_antsup", 0.02287408776445515], ["R_Sternum", 0.02215504864405675], ["L_thigh1", 0.02175829621165086], ["L_knee", 0.02155138120745123], ["r_knee", 0.021015013388700928], ["R_elbow_med", 0.019166422603547], ["r_toe", 0.019127626342873207], ["L_thigh3", 0.01883712744160837], ["L_sh2", 0.018189979210352574], ["L_Shoulder", 0.017695107772951812], ["L_elbow_med", 0.0176842608653369], ["L_calc", 0.01750541827788128], ["r_sh2", 0.017384808762545438], ["L_sh3", 0.016896970744434494], ["r_sh4", 0.01683508898768259], ["R_HJC", 0.01658120099009632], ["r.PSIS", 0.016304739551645173], ["r.ASIS", 0.01575014892880669], ["r_sh3", 0.015408616983581525], ["L_5meta", 0.014821386808124452], ["L.PSIS", 0.014688882178804376], ["L_ankle", 0.01291126292750025], ["L_HJC", 0.011891054747986895], ["R_wrist_radius", 0.010785153900705786], ["L_toe", 0.010667704822666208], ["L_shank_antsup", 0.00934010615853215], ["R_wrist_ulna", 0.00844687192141496], ["L_wrist_radius", 0.008155679650192331], ["L_wrist_ulna", 0.008108071974780272], ["L_humerus", 0.0], ["L_forearm", 0.0], ["R_humerus", 0.0], ["R_forearm", 0.0], ["R_HJC_reg", 0.0], ["L_HJC_reg", 0.0]]}