{"linearResidual": 3.6741239066526634, "angularResidual": 8.946621725188457, "numBadDynamicsFrames": 0, "autoAvgRMSE": 0.01595848394707882, "autoAvgMax": 0.044939856723844596, "markerErrors": [["C7", 0.04499378510217023], ["L_elbow_lat", 0.03016178329241603], ["L_Shoulder", 0.027741976604076984], ["L_elbow_med", 0.026176123892169542], ["r.ASIS", 0.025434134833817665], ["L_knee", 0.02473668789864447], ["R_Shoulder", 0.0225966464215965], ["R_elbow_med", 0.020894772044576782], ["L.ASIS", 0.019618694409147697], ["R_elbow_lat", 0.019366107809348936], ["L_sh2", 0.019013592514455398], ["r_thigh1", 0.017581632726994423], ["L.PSIS", 0.016918112214723644], ["L_thigh1", 0.016751839966169038], ["L_thigh2", 0.016446610781554374], ["r_ankle", 0.016298090397864062], ["L_thigh3", 0.015803135810270607], ["L_thigh4", 0.01569543079452121], ["L_calc", 0.015094081250881727], ["r_calc", 0.015085419145986753], ["L_ankle", 0.014821484589415896], ["L_sh3", 0.014113083018755652], ["r.PSIS", 0.014050700843795984], ["r_knee", 0.013946105280974919], ["R_wrist_radius", 0.012970631788468313], ["r_sh3", 0.01289870779567353], ["r_sh4", 0.012467899773656758], ["r_thigh4", 0.012280613159149814], ["L_5meta", 0.012200169764978067], ["L_shank_antsup", 0.011505850277034652], ["r_toe", 0.01100243804342798], ["L_HJC", 0.010920022161524021], ["r_thigh3", 0.010591167065982317], ["r_thigh5", 0.010177234344298456], ["r_thigh2", 0.010071023406606275], ["R_HJC", 0.010016394854509714], ["r_shank_antsup", 0.009962232559460311], ["r_sh2", 0.009767661428178864], ["r_5meta", 0.009570872817194612], ["R_Sternum", 0.009046025651482176], ["L_Sternum", 0.008215237776100174], ["L_toe", 0.00807630966229114], ["R_wrist_ulna", 0.006143594068386939], ["L_wrist_radius", 0.0060983191075132245], ["L_wrist_ulna", 0.005632703771100462], ["R_forearm", 0.0], ["L_humerus", 0.0], ["L_forearm", 0.0], ["R_HJC_reg", 0.0], ["L_HJC_reg", 0.0], ["R_humerus", 0.0]]}