{"linearResidual": 3.0088647151900703, "angularResidual": 8.923370156303939, "numBadDynamicsFrames": 0, "autoAvgRMSE": 0.024123380792556604, "autoAvgMax": 0.061234991325296785, "markerErrors": [["R_wrist_ulna", 0.0616547843509397], ["R_wrist_radius", 0.05875971801338406], ["L_wrist_ulna", 0.04960143881723918], ["L_wrist_radius", 0.04481745124211581], ["C7", 0.044439913922766736], ["L.ASIS", 0.038290332898852794], ["L_knee", 0.032781049375575536], ["r_knee", 0.031410655855901956], ["r.ASIS", 0.031262710545874685], ["R_Shoulder", 0.031000924786486264], ["R_elbow_med", 0.03008176950635444], ["L_Shoulder", 0.02940881254392957], ["R_elbow_lat", 0.028361728426285655], ["L_Sternum", 0.027875220243301326], ["R_Sternum", 0.02614823261188781], ["L_elbow_lat", 0.025930589789395955], ["r.PSIS", 0.022094196858475124], ["L_calc", 0.021809933541561285], ["r_thigh1", 0.01943619987125761], ["L_thigh1", 0.018297207354462018], ["L_thigh2", 0.0171483456250649], ["r_thigh2", 0.01708684219748358], ["L.PSIS", 0.016941010443111863], ["r_thigh4", 0.01662759435523697], ["r_thigh3", 0.016154105318180994], ["L_elbow_med", 0.016064698290396855], ["R_HJC", 0.015760618372750432], ["L_shank_antsup", 0.015697789809412027], ["r_calc", 0.015304682575605173], ["L_HJC", 0.014581094862660078], ["L_sh2", 0.014360428727549706], ["L_ankle", 0.013172171836080734], ["r_thigh5", 0.012168682580331578], ["L_thigh3", 0.012065643173542109], ["L_sh3", 0.011525714940505798], ["r_ankle", 0.011190812476198875], ["L_thigh4", 0.010632408703156978], ["r_sh3", 0.01017859819307517], ["L_5meta", 0.008993176654920528], ["L_toe", 0.008781795647925764], ["r_toe", 0.008748023576753567], ["r_5meta", 0.008476266499799554], ["r_sh4", 0.008238772759621427], ["r_shank_antsup", 0.007775158229779979], ["r_sh2", 0.007128001425761044], ["L_forearm", 0.0], ["L_humerus", 0.0], ["L_HJC_reg", 0.0], ["R_humerus", 0.0], ["R_forearm", 0.0], ["R_HJC_reg", 0.0]]}