{"linearResidual": 27.17215437274855, "angularResidual": 7.8471006405571595, "numBadDynamicsFrames": 0, "autoAvgRMSE": 0.013459809251229396, "autoAvgMax": 0.031086952113547946, "markerErrors": [["r_calc", 0.029345328806750882], ["R_Shoulder", 0.0275564894743063], ["r_knee", 0.027448108345748727], ["L_wrist_ulna", 0.02387504620190411], ["R_elbow_lat", 0.023222730071730712], ["r.PSIS", 0.021219392681365558], ["L_knee", 0.021129527864065367], ["r.ASIS", 0.020168343326243465], ["R_wrist_ulna", 0.019134311659796458], ["r_5meta", 0.0188801465948288], ["L_Shoulder", 0.017910635808373737], ["R_elbow_med", 0.016249411973775597], ["L_calc", 0.015093820376134378], ["L_Sternum", 0.013539592126931592], ["R_Sternum", 0.013536412162597095], ["L_elbow_med", 0.013479781203743109], ["L.PSIS", 0.012786219607542788], ["L_elbow_lat", 0.012726131276090673], ["C7", 0.012384523573955659], ["L.ASIS", 0.012069256607685042], ["r_thigh1", 0.011950656800093], ["L_HJC", 0.011344309394990735], ["R_HJC", 0.010811414809880427], ["R_wrist_radius", 0.010719229417305933], ["L_toe", 0.010656822064699438], ["L_ankle", 0.010553699045522679], ["r_thigh3", 0.009588951684498923], ["L_thigh4", 0.009406878610395205], ["r_ankle", 0.009405705161149382], ["L_thigh2", 0.009014751080460522], ["r_thigh5", 0.008928272190209627], ["L_thigh3", 0.008800359742331402], ["r_thigh2", 0.00878584979906565], ["L_thigh1", 0.008693332469368856], ["L_5meta", 0.00841059079600435], ["r_sh3", 0.008143025080680804], ["r_shank_antsup", 0.008061401610012049], ["r_toe", 0.00795315034948865], ["r_thigh4", 0.00740072928398952], ["L_shank_antsup", 0.0064352157288061415], ["L_sh2", 0.006375551865762996], ["L_wrist_radius", 0.006274976161731181], ["r_sh4", 0.00565197673583924], ["L_sh3", 0.005229744555655764], ["r_sh2", 0.0047600773469846], ["L_forearm", 0.0], ["L_humerus", 0.0], ["L_HJC_reg", 0.0], ["R_humerus", 0.0], ["R_forearm", 0.0], ["R_HJC_reg", 0.0]]}