{"linearResidual": 4.639164745515375, "angularResidual": 62.04653257324001, "numBadDynamicsFrames": 0, "autoAvgRMSE": 0.018076010937843872, "autoAvgMax": 0.05262097928158449, "markerErrors": [["RMT5", 0.05249324163604568], ["LCAL", 0.02643493536766574], ["C7", 0.025153519122997688], ["LTB2", 0.023752899528179307], ["LTB3", 0.023489975370996098], ["LTB1", 0.02080181682403328], ["RTOE", 0.01920547358502714], ["LTOE", 0.01919890856903357], ["RTH3", 0.01897937764682874], ["RTH2", 0.01872802462974239], ["LTH3", 0.01872132443241944], ["RMEL", 0.018663719509082525], ["RCAL", 0.018491125671351596], ["LUA1", 0.018415576273134594], ["LUA2", 0.01753654463798881], ["RTB2", 0.016295388612259553], ["RUA2", 0.016231157391079838], ["RUA1", 0.016221553990299887], ["LTH2", 0.016179920258132818], ["RUA3", 0.015654528162907043], ["RTB1", 0.015567246932417192], ["LACR", 0.015544157486367872], ["RTB3", 0.015368374275460606], ["RTH1", 0.014386758400742028], ["LUA3", 0.014117856183355012], ["LMEL", 0.014094727823396207], ["LFAulna", 0.013124416368985384], ["LASI", 0.013084852310098483], ["LTH1", 0.012749885783645396], ["LPSI", 0.012578153040347831], ["RACR", 0.01247829231430492], ["RASI", 0.012327456511083369], ["RLEL", 0.012225243739937417], ["CLAV", 0.012007026934481902], ["RPSI", 0.011836896198617039], ["RFAsuperior", 0.011619468358639085], ["LFAsuperior", 0.011344400097618237], ["LFAradius", 0.011223754849832564], ["LLEL", 0.011141781872633729], ["RFAradius", 0.011126400771021483], ["RFAulna", 0.008172724899848272]]}