{"linearResidual": 69.34039144202202, "angularResidual": 41.32607407500775, "numBadDynamicsFrames": 0, "autoAvgRMSE": 0.018650271906877312, "autoAvgMax": 0.03976995643894902, "markerErrors": [["R_Sternum", 0.03398118785480131], ["L_Sternum", 0.032817396749895894], ["r.ASIS", 0.028279848968133212], ["L_Shoulder", 0.027889024921544884], ["R_Shoulder", 0.02778227476680359], ["r.PSIS", 0.02763583355418651], ["L.ASIS", 0.02662679668636683], ["r_calc", 0.026434639385854844], ["r_knee", 0.026187001241147586], ["L_knee", 0.02607643330866844], ["L.PSIS", 0.02560466459698803], ["C7", 0.024678344472209467], ["L_thigh3", 0.024193733844604767], ["L_thigh1", 0.022790984608027184], ["L_calc", 0.022018667167102], ["R_elbow_lat", 0.02081084697873676], ["R_elbow_med", 0.02072400510535879], ["r_toe", 0.02014012482276639], ["L_thigh4", 0.019447882642079226], ["L_thigh2", 0.019153864142060377], ["L_elbow_lat", 0.01903730030620274], ["L_ankle", 0.017623446472053935], ["r_thigh1", 0.017175329188367016], ["r_thigh4", 0.017056227693887198], ["L_shank_antsup", 0.01597379811388454], ["r_5meta", 0.015935680523863967], ["R_wrist_ulna", 0.01555197874565308], ["L_elbow_med", 0.014993664806913672], ["r_ankle", 0.014713770672732784], ["r_thigh3", 0.014567137133999226], ["R_HJC", 0.014377002403646071], ["r_thigh5", 0.014323519496391037], ["L_toe", 0.014145134539827992], ["L_HJC", 0.013689124407896531], ["r_thigh2", 0.013550788013542075], ["L_sh2", 0.013356801244246642], ["r_sh3", 0.013098883277854391], ["R_wrist_radius", 0.013029994771191024], ["r_shank_antsup", 0.012976536921548334], ["L_sh3", 0.012948177797570879], ["r_sh4", 0.012941682790164484], ["L_wrist_ulna", 0.012824635700358022], ["L_5meta", 0.01269759671850844], ["r_sh2", 0.012131149667732316], ["L_wrist_radius", 0.009591212428634149], ["L_HJC_reg", 0.0], ["R_HJC_reg", 0.0], ["R_humerus", 0.0], ["R_forearm", 0.0], ["L_forearm", 0.0], ["L_humerus", 0.0]]}