{"linearResidual": 45.959054217579535, "angularResidual": 30.92473921019659, "numBadDynamicsFrames": 0, "autoAvgRMSE": 0.01642425000790261, "autoAvgMax": 0.0365028044329975, "markerErrors": [["L_Shoulder", 0.03336073227354721], ["L.PSIS", 0.03135710368449974], ["R_Shoulder", 0.029833061385765976], ["r.PSIS", 0.026078828834131915], ["L_knee", 0.025822594757638314], ["L_Sternum", 0.023702668164516598], ["r_calc", 0.022416775360376454], ["r_knee", 0.022348540705553536], ["r.ASIS", 0.02216964994214248], ["L_HJC", 0.021895306494432415], ["R_Sternum", 0.02068088204262254], ["L.ASIS", 0.01916297393385729], ["L_calc", 0.01906169807559526], ["R_elbow_med", 0.018844874224551632], ["L_thigh1", 0.018171126517160293], ["R_HJC", 0.017707711834773463], ["R_elbow_lat", 0.01708300329224786], ["r_toe", 0.01637195191254965], ["r_thigh3", 0.015880493568333848], ["R_wrist_ulna", 0.01547170862141764], ["r_thigh1", 0.015395527592223249], ["r_thigh5", 0.01503660753546365], ["C7", 0.014818701945017786], ["L_elbow_lat", 0.014679698501763086], ["L_thigh2", 0.014640476218723242], ["L_toe", 0.014468722611774494], ["r_thigh2", 0.014412677353801915], ["L_elbow_med", 0.013802667675437575], ["r_thigh4", 0.013175473713732455], ["r_5meta", 0.013127518335986344], ["r_ankle", 0.012836308442680432], ["L_wrist_ulna", 0.012764714825936583], ["L_shank_antsup", 0.012649006316624798], ["L_ankle", 0.012589528558887576], ["L_thigh3", 0.012398890825668665], ["L_5meta", 0.01232552583806935], ["L_thigh4", 0.010892511773553359], ["r_shank_antsup", 0.010556273145113197], ["L_sh2", 0.009844797943901437], ["L_wrist_radius", 0.009776761596520585], ["R_wrist_radius", 0.00918867258638811], ["r_sh3", 0.009114709902388588], ["r_sh4", 0.008423744404913785], ["r_sh2", 0.007982275498122927], ["L_sh3", 0.007549859185378953], ["R_HJC_reg", 0.0], ["L_HJC_reg", 0.0], ["L_humerus", 0.0], ["L_forearm", 0.0], ["R_forearm", 0.0], ["R_humerus", 0.0]]}