{"linearResidual": 7.665070166493641, "angularResidual": 56.21314705044929, "numBadDynamicsFrames": 0, "autoAvgRMSE": 0.017870731691763984, "autoAvgMax": 0.048968729950612536, "markerErrors": [["RTB3", 0.039406842233448244], ["RTOE", 0.033586715080413755], ["LTOE", 0.03278322626180678], ["RMT5", 0.02886238892132646], ["C7", 0.02724420159046586], ["LMT5", 0.025974005671201048], ["RTH2", 0.024616641606761087], ["RPSI", 0.024031303567221832], ["LTH2", 0.02291491941076308], ["RTH1", 0.019942389670616095], ["RMEL", 0.01912147804507985], ["RASI", 0.018882362699255743], ["LTH1", 0.018394361407460258], ["LTH3", 0.018001643575055137], ["LMEL", 0.01796110054353147], ["RTH3", 0.017733126909971413], ["LPSI", 0.016083273255706628], ["LACR", 0.015234183437393299], ["RTB1", 0.014871651171182994], ["LUA1", 0.014579544387667414], ["CLAV", 0.014033454187887333], ["RCAL", 0.01385187396565199], ["LCAL", 0.013697389470086927], ["RUA1", 0.013310659945306856], ["LUA2", 0.012936629961539822], ["LTB1", 0.012286206483515338], ["LASI", 0.012078537860159383], ["RUA2", 0.011912361667009359], ["LLEL", 0.011789531657226255], ["RFAradius", 0.011662803066617546], ["RUA3", 0.011468702521743887], ["RTB2", 0.011420414257312439], ["LTB3", 0.011249857305735802], ["RLEL", 0.011105512200930773], ["LUA3", 0.010876442683388941], ["LTB2", 0.010195613422961153], ["RFAsuperior", 0.008351164410540441], ["LFAsuperior", 0.008102982157822533], ["RACR", 0.007807409868560664], ["LFAradius", 0.007626482105315835], ["RFAulna", 0.007540628310002082], ["LFAulna", 0.006111118228281297]]}